Name,Address,Description,Longitude,Latitude,TimeStamp,TimeSpan:begin,TimeSpan:end,GettyID
Zeitschriftenredaktion Pandaemonium Germanicum,São Paulo ,Zeitschriftenredaktion Pandaemonium Germanicum,,,,2011-06-23,,
Dr. Juliana  Perez,São Paulo ,Dr. Juliana  Perez,,,,2010-07-17,,
Dr. Katrin Hedwig,Aachen,Dr. Katrin Hedwig,,,,2013-11-02,,
Kerstin Liesegang,Aachen,Kerstin Liesegang,,,,2010-07-03,,
Dr. Melinda Veggian,Aachen,Dr. Melinda Veggian,,,,2012-01-25,,
Dr. Ramona Schröpf,Aachen,Dr. Ramona Schröpf,,,,2011-07-28,,
Prof. Dr. Angelica Rieger,Aachen,Prof. Dr. Angelica Rieger,,,,2011-12-16,,
Janek Scholz,Aachen,Janek Scholz,,,,2014-05-12,,
Anne-Catherine Luther,Aachen,Anne-Catherine Luther,,,,2013-04-07,,
Alexandra Duppé,Aachen,Alexandra Duppé,,,,2010-03-15,,
Lidia Molina,Aachen,Lidia Molina,,,,2014-05-16,,
Dr. Ilka Kressner ,Albany,Dr. Ilka Kressner ,,,,2009-12-04,,
Prof. Dr. Georg Pichler,Alcalá de Henares,Prof. Dr. Georg Pichler,,,,2013-01-02,,
Dr. Frank Jablonka,Amiens,Dr. Frank Jablonka,,,,2013-02-11,,
Prof. Dr. Rita  De Maeseneer,Antwerp,Prof. Dr. Rita  De Maeseneer,,,,2010-07-29,,
Facundo Saxe,Argentinien,Facundo Saxe,,,,2011-06-28,,
PD Dr. Henning Teschke,Augsburg,PD Dr. Henning Teschke,,,,2010-10-26,,
Prof. Dr. Hanno Ehrlicher,Augsburg,Prof. Dr. Hanno Ehrlicher,,,,2012-11-27,,
Dr. Nanette Rißler-Pipka,Augsburg,Dr. Nanette Rißler-Pipka,,,,2010-01-25,,
PD Dr. Thomas Stauder,Augsburg,PD Dr. Thomas Stauder,,,,2014-03-25,,
Eva Rothenberger,Augsburg,Eva Rothenberger,,,,2012-11-05,,
Simone Baum,Augsburg,Simone Baum,,,,2014-05-19,,
Ramona Herz,Augsburg,Ramona Herz,,,,2012-11-01,,
Dr. Tilman Schröder,Augsburg,Dr. Tilman Schröder,,,,2012-11-22,,
Katharina Gerhalter,Austria,Katharina Gerhalter,,,,2014-07-28,,
Bernhard Haidacher,Austria,Bernhard Haidacher,,,,2010-07-15,,
María del Carmen Luis Gironés,Bad Hersfeld,María del Carmen Luis Gironés,,,,2014-08-27,,
Prof. Dr. Dina De Rentiis,Bamberg,Prof. Dr. Dina De Rentiis,,,,2011-02-06,,
Roberto A. Juris,Bamberg,Roberto A. Juris,,,,2011-11-24,,
PD Dr. Philipp Burdy,Bamberg,PD Dr. Philipp Burdy,,,,2013-06-28,,
Prof. Dr. Enrique Rodrigues-Moura,Bamberg,Prof. Dr. Enrique Rodrigues-Moura,,,,2010-04-09,,
Prof. Dr. Martin Haase,Bamberg,Prof. Dr. Martin Haase,,,,2012-12-09,,
PD Dr. Bettina  Full,Bamberg,PD Dr. Bettina  Full,,,,2011-06-08,,
Dr. Katrin Pfadenhauer,Bamberg,Dr. Katrin Pfadenhauer,,,,2011-12-29,,
Prof. Dr. Christine Michler,Bamberg,Prof. Dr. Christine Michler,,,,2009-12-03,,
Hanna Budig,Bamberg,Hanna Budig,,,,2014-02-03,,
Ana Pérez,Bamberg,Ana Pérez,,,,2012-05-31,,
Matthias  Raab,Barcelona,Matthias  Raab,,,,2010-05-26,,
Jenny Brumme,Barcelona,Jenny Brumme,,,,2014-06-18,,
Dr. Hildegard Resinger,Barcelona,Dr. Hildegard Resinger,,,,2012-04-17,,
PD Dr. Giovanna D'Aniello,Bari,PD Dr. Giovanna D'Aniello,,,,2013-02-18,,
Prof. Dr. Harm den Boer,Basel,Prof. Dr. Harm den Boer,,,,2014-03-17,,
Rocío Agar Marco,Basel,Rocío Agar Marco,,,,2014-05-20,,
Dr. Florence Oloff,Basel,Dr. Florence Oloff,,,,2012-01-17,,
Prof. Dr. Martina Drescher,Bayreuth,Prof. Dr. Martina Drescher,,,,2010-11-04,,
Dr. Katrin  Pfadenhauer,Bayreuth,Dr. Katrin  Pfadenhauer,,,,2011-01-10,,
Ricarda Hanck,Bayreuth,Ricarda Hanck,,,,2009-12-03,,
Ivan Vlassenko,Bayreuth,Ivan Vlassenko,,,,2014-04-24,,
Weitere Publikationen,Belo Horizonte,Weitere Publikationen,,,,2010-09-02,,
 Dr. Volker Jaeckel ,Belo Horizonte, Dr. Volker Jaeckel ,,,,2010-04-14,,
Amor Ayala,Berlin,Amor Ayala,,,,2010-08-10,,
Julius Becker,Berlin,Julius Becker,,,,2011-03-23,,
Manuel Parodi Muñoz,Berlin,Manuel Parodi Muñoz,,,,2013-11-08,,
Dr. Patrick Roesler,Berlin,Dr. Patrick Roesler,,,,2010-07-15,,
Ibou Coulibaly Diop,Berlin,Ibou Coulibaly Diop,,,,2010-05-14,,
Catia Russo,Berlin,Catia Russo,,,,2010-05-20,,
Heike Susanne Jauch,Berlin,Heike Susanne Jauch,,,,2011-10-26,,
Sabine Valipour,Berlin,Sabine Valipour,,,,2011-10-28,,
Prof. Dr. Anja  Bandau,Berlin,Prof. Dr. Anja  Bandau,,,,2010-07-27,,
Dr. Igor Candido,Berlin,Dr. Igor Candido,,,,2014-05-05,,
Olivier Moliner,Berlin,Olivier Moliner,,,,2010-02-01,,
Prof. Dr. Margarete Zimmermann,Berlin,Prof. Dr. Margarete Zimmermann,,,,2010-03-17,,
Leonie  Herbers,Berlin,Leonie  Herbers,,,,2011-04-20,,
Yulia Feskova,Berlin,Yulia Feskova,,,,2013-01-14,,
Dr. Christina Schaefer,Berlin,Dr. Christina Schaefer,,,,2013-01-05,,
Dr. Georg Wink,Berlin,Dr. Georg Wink,,,,2012-06-15,,
Dr. Sandra Janßen,Berlin,Dr. Sandra Janßen,,,,2013-09-22,,
Mira Becker,Berlin,Mira Becker,,,,2014-06-24,,
Prof. Dr. Winfried Franz Engler,Berlin,Prof. Dr. Winfried Franz Engler,,,,2012-01-17,,
PD Dr. Bettina Lindorfer,Berlin,PD Dr. Bettina Lindorfer,,,,2012-02-03,,
Prof. Dr. Annette Gerstenberg,Berlin,Prof. Dr. Annette Gerstenberg,,,,2009-11-02,,
Julia Zwink,Berlin,Julia Zwink,,,,2010-06-02,,
PD Dr. Anita Traninger,Berlin,PD Dr. Anita Traninger,,,,2012-10-10,,
Prof. Dr. Ronald Daus,Berlin,Prof. Dr. Ronald Daus,,,,2011-12-03,,
Dr. Alexandra Ortiz Wallner,Berlin,Dr. Alexandra Ortiz Wallner,,,,2010-03-06,,
Prof. Dr. Susanne Klengel,Berlin,Prof. Dr. Susanne Klengel,,,,2010-05-16,,
Prof. Dr. Paul Videsott,Berlin,Prof. Dr. Paul Videsott,,,,2011-11-16,,
Prof. Dr. Rita Franceschini,Berlin,Prof. Dr. Rita Franceschini,,,,2010-03-22,,
Elodie Ripoll,Berlin,Elodie Ripoll,,,,2014-06-20,,
Dr. Katharina Wieland,Berlin,Dr. Katharina Wieland,,,,2010-03-17,,
Dr. Roberto Ubbidiente,Berlin,Dr. Roberto Ubbidiente,,,,2013-09-25,,
Dr. Sylvia Setzkorn,Berlin,Dr. Sylvia Setzkorn,,,,2010-12-23,,
PD Dr. Patrick O. Steinkrüger,Berlin,PD Dr. Patrick O. Steinkrüger,,,,2014-07-24,,
Dr. Yolanda Melgar Pernías,Berlin,Dr. Yolanda Melgar Pernías,,,,2011-11-23,,
Orsolya Thorday,Berlin,Orsolya Thorday,,,,2011-02-18,,
PD Dr. Margot Brink,Berlin,PD Dr. Margot Brink,,,,2011-10-28,,
Dr. Silvia Richter,Berlin,Dr. Silvia Richter,,,,2014-05-16,,
Inga Grantyn,Berlin,Inga Grantyn,,,,2011-06-23,,
PD Dr. Gernot Kamecke,Berlin,PD Dr. Gernot Kamecke,,,,2013-01-04,,
Prof. Dr. Peter Stein,Berlin,Prof. Dr. Peter Stein,,,,2010-11-26,,
Dr. Valeriu P. Stancu,Berlin,Dr. Valeriu P. Stancu,,,,2014-05-19,,
Dr. Friedhelm Schmidt-Welle,Berlin,Dr. Friedhelm Schmidt-Welle,,,,2011-02-01,,
Bernd Tesch ,Berlin,Bernd Tesch ,,,,2009-12-08,,
Dr. Ulrike  Hollender,Berlin,Dr. Ulrike  Hollender,,,,2012-06-29,,
Michele Oum,Berlin,Michele Oum,,,,2011-06-24,,
Anna Taton ,Berlin,Anna Taton ,,,,2011-04-04,,
Olaf Gaudig,Berlin,Olaf Gaudig,,,,2014-06-06,,
Dr. Johanne Mohs,Bern,Dr. Johanne Mohs,,,,2013-12-02,,
Prof. Dr. Elwys De Stefani,Bern,Prof. Dr. Elwys De Stefani,,,,2011-07-08,,
Adrian Stähli,Bern,Adrian Stähli,,,,2011-02-04,,
Prof. Dr. Benedicte Vauthier,Bern,Prof. Dr. Benedicte Vauthier,,,,2011-04-17,,
Dr. André Horak,Bern,Dr. André Horak,,,,2012-05-21,,
Dr. habil. Yvette Bürki,Bern,Dr. habil. Yvette Bürki,,,,2012-04-22,,
Mirjam  Leuzinger,Bern,Mirjam  Leuzinger,,,,2011-12-08,,
Dr. habil. Katja Ploog,Besançon,Dr. habil. Katja Ploog,,,,2010-02-26,,
Silke Neumann,Bochum,Silke Neumann,,,,2010-11-07,,
Daniel  Kallweit,Bochum,Daniel  Kallweit,,,,2010-11-15,,
Maria Piovesana,Bochum,Maria Piovesana,,,,2011-07-04,,
Judith Kittler,Bochum,Judith Kittler,,,,2010-10-18,,
Corinna Koch,Bochum,Corinna Koch,,,,2010-10-22,,
Enrico Serena,Bochum,Enrico Serena,,,,2010-11-26,,
Imma Martí,Bochum,Imma Martí,,,,2011-06-15,,
Victoria del Valle,Bochum,Victoria del Valle,,,,2010-11-17,,
Dr. Carolin Patzelt,Bochum,Dr. Carolin Patzelt,,,,2011-03-15,,
Ina Riesel,Bochum,Ina Riesel,,,,2010-01-23,,
Prof. Dr. Roger Friedlein,Bochum,Prof. Dr. Roger Friedlein,,,,2013-12-05,,
Dr. Xenia von Tippelskirch,Bochum,Dr. Xenia von Tippelskirch,,,,2011-12-09,,
Dr. Marie Guthmueller,Bochum,Dr. Marie Guthmueller,,,,2011-06-26,,
Dr. Marco Thomas Bosshard,Bochum,Dr. Marco Thomas Bosshard,,,,2013-06-21,,
Dirk Brunke,Bochum,Dirk Brunke,,,,2013-02-06,,
Cynthia  Carggiolis Abarza,Bochum,Cynthia  Carggiolis Abarza,,,,2010-11-22,,
PD Dr. Ursula Jung,Bochum,PD Dr. Ursula Jung,,,,2010-10-29,,
Frank Günther-Spohr,Bochum,Frank Günther-Spohr,,,,2010-04-20,,
Corinna Albert,Bochum,Corinna Albert,,,,2013-02-06,,
Dr. Luca Laurenti Di Biasio,Bolzano,Dr. Luca Laurenti Di Biasio,,,,2010-10-11,,
Prof. Dr. Michael Bernsen,Bonn,Prof. Dr. Michael Bernsen,,,,2011-09-16,,
Herrad Schmidt,Bonn,Herrad Schmidt,,,,2011-01-04,,
Claudia Sofie Schmitz,Bonn,Claudia Sofie Schmitz,,,,2014-08-18,,
PD Dr. Ludger Scherer,Bonn,PD Dr. Ludger Scherer,,,,2013-10-24,,
Dr. Marco Menicacci,Bonn,Dr. Marco Menicacci,,,,2012-11-25,,
Dr. Willi Jung,Bonn,Dr. Willi Jung,,,,2013-10-28,,
Prof. Dr. Daniela Pirazzini,Bonn,Prof. Dr. Daniela Pirazzini,,,,2012-01-16,,
Roland Alexander Ißler,Bonn,Roland Alexander Ißler,,,,2009-12-07,,
Prof. Dr. Franz Lebsanft,Bonn,Prof. Dr. Franz Lebsanft,,,,2012-05-07,,
Dr. Grazyna Bosy,Bonn,Dr. Grazyna Bosy,,,,2011-03-14,,
Prof. Dr. Paul Geyer,Bonn,Prof. Dr. Paul Geyer,,,,2013-06-10,,
PD Dr. Claudia  Jünke,Bonn,PD Dr. Claudia  Jünke,,,,2012-03-02,,
Dr. Doris Grüter,Bonn,Dr. Doris Grüter,,,,2014-07-10,,
Milan Herold,Bonn,Milan Herold,,,,2011-11-09,,
Elmar Schmidt,Bonn,Elmar Schmidt,,,,2014-08-17,,
Dr. Giorgia Sogos,Bonn,Dr. Giorgia Sogos,,,,2013-06-30,,
Sevrine Ketterer,Bonn,Sevrine Ketterer,,,,2013-10-01,,
PD Dr. Kirsten von Hagen,Bonn,PD Dr. Kirsten von Hagen,,,,2012-08-06,,
Christian Reidenbach,Bonn,Christian Reidenbach,,,,2010-06-17,,
Prof. Dr. Rogério  Vicente Ferreira,Brasil,Prof. Dr. Rogério  Vicente Ferreira,,,,2012-10-11,,
Livia Meneghello,Brasil,Livia Meneghello,,,,2010-02-08,,
Vera Toro,Bremen,Vera Toro,,,,2010-05-03,,
Dr. Elke Richter,Bremen,Dr. Elke Richter,,,,2009-12-03,,
Dr. Karen Struve,Bremen,Dr. Karen Struve,,,,2009-12-01,,
Dr. Claire Block,Bremen,Dr. Claire Block,,,,2014-09-10,,
PD Dr. Natascha Ueckmann,Bremen,PD Dr. Natascha Ueckmann,,,,2013-03-16,,
Marlena Teitge,Bremen,Marlena Teitge,,,,2014-03-04,,
Zuzana Pesselová,Bremen,Zuzana Pesselová,,,,2010-06-28,,
Prof. Dr. Sabine Schlickers,Bremen,Prof. Dr. Sabine Schlickers,,,,2014-01-05,,
Dr. Peter Gaida,Bremen,Dr. Peter Gaida,,,,2011-10-31,,
Prof. Dr. Axel Schönberger,Bremen,Prof. Dr. Axel Schönberger,,,,2009-12-25,,
 Dr. Peter W.  Schulze,Bremen, Dr. Peter W.  Schulze,,,,2014-03-03,,
Dr. Trinidad Marín Villora,Breslau,Dr. Trinidad Marín Villora,,,,2014-01-24,,
Dr. Lucie  Taïeb,Brest,Dr. Lucie  Taïeb,,,,2012-01-30,,
Dr. habil. Günter Berghaus,Bristol,Dr. habil. Günter Berghaus,,,,2012-05-08,,
Prof. Dr. Wendy Ayres-Bennett,Cambridge,Prof. Dr. Wendy Ayres-Bennett,,,,2012-01-22,,
Dr. May  Bletz,Canada,Dr. May  Bletz,,,,2010-10-12,,
Dr. Tilmann Altenberg,Cardiff,Dr. Tilmann Altenberg,,,,2011-06-13,,
Dr. Kim Schulte ,Castellón,Dr. Kim Schulte ,,,,2014-01-09,,
Dr. Katrin  Schmeissner,Chemnitz,Dr. Katrin  Schmeissner,,,,2010-11-08,,
Martin Bauch,Chemnitz,Martin Bauch,,,,2010-11-12,,
Prof. Dr. Teresa Pinheiro,Chemnitz,Prof. Dr. Teresa Pinheiro,,,,2010-10-15,,
Corinne Bayerl,Chicago,Corinne Bayerl,,,,2009-12-02,,
Prof. Dr. Kay Gonzalez-Vilbazo,Chicago,Prof. Dr. Kay Gonzalez-Vilbazo,,,,2014-03-03,,
Dr. Hans Christian Hagedorn ,Ciudad Real,Dr. Hans Christian Hagedorn ,,,,2012-02-24,,
Apl. Prof. Marta Estévez Pequeño,Coimbra,Apl. Prof. Marta Estévez Pequeño,,,,2012-06-01,,
Prof. Dr. Olga Hinojosa,Córdoba,Prof. Dr. Olga Hinojosa,,,,2011-12-31,,
Prof. Dr. M. Carmen Balbuena Torezano,Córdoba,Prof. Dr. M. Carmen Balbuena Torezano,,,,2010-12-07,,
Dr. Teresa Staudacher,Langeroog,Dr. Teresa Staudacher,,,,2014-01-09,,
Valéry-Jérôme Michaux,Langeroog,Valéry-Jérôme Michaux,,,,2014-05-06,,
Stephanie Pretsch,Langeroog,Stephanie Pretsch,,,,2014-03-24,,
Dr. Caroline Surmann,Langeroog,Dr. Caroline Surmann,,,,2012-09-16,,
Edith Roth,Langeroog,Edith Roth,,,,2010-12-12,,
Cristina Cabrera,Langeroog,Cristina Cabrera,,,,2010-06-08,,
Judith Kolmstetter,Langeroog,Judith Kolmstetter,,,,2014-08-27,,
Daniel Souza,Langeroog,Daniel Souza,,,,2010-05-17,,
Dr. Hélène Stoye,Langeroog,Dr. Hélène Stoye,,,,2013-11-02,,
Academics.de www.academics.de,Langeroog,Academics.de www.academics.de,,,,2014-03-13,,
Britta von Eitzen ,Langeroog,Britta von Eitzen ,,,,2012-02-11,,
Sabina Hamm,Langeroog,Sabina Hamm,,,,2011-05-20,,
Dr. Eizeth Isabel Sandoval Torres,Langeroog,Dr. Eizeth Isabel Sandoval Torres,,,,2014-03-17,,
Christiane  Ebner,Langeroog,Christiane  Ebner,,,,2012-09-16,,
Ana Maria Ferri,Langeroog,Ana Maria Ferri,,,,2014-03-04,,
Josefa Díaz,Langeroog,Josefa Díaz,,,,2012-11-14,,
PD Dr. Grazia Dolores Folliero-Metz,Langeroog,PD Dr. Grazia Dolores Folliero-Metz,,,,2014-07-29,,
Dr. Andrea Seilheimer,Langeroog,Dr. Andrea Seilheimer,,,,2011-05-06,,
 Aristhide Nyamsi,Langeroog, Aristhide Nyamsi,,,,2013-05-10,,
Joao Silva,Langeroog,Joao Silva,,,,2012-07-23,,
Redaktion romanistik.de,Langeroog,Redaktion romanistik.de,,,,2010-10-04,,
Simone Rothe,Langeroog,Simone Rothe,,,,2010-01-25,,
Dr. Martin Strickmann,Langeroog,Dr. Martin Strickmann,,,,2013-10-10,,
Dr. Christian Wille,Langeroog,Dr. Christian Wille,,,,2012-07-01,,
Rocio Cano,Langeroog,Rocio Cano,,,,2010-05-31,,
Frank-Michael Weiß,Langeroog,Frank-Michael Weiß,,,,2014-07-31,,
Carmen Vidal,Langeroog,Carmen Vidal,,,,2012-01-17,,
Yara Katayama,Langeroog,Yara Katayama,,,,2013-09-02,,
Lisa Gronwald,Langeroog,Lisa Gronwald,,,,2011-09-29,,
Dr. Pier Paolo Tazza,Langeroog,Dr. Pier Paolo Tazza,,,,2014-03-18,,
Sylk Schneider,Langeroog,Sylk Schneider,,,,2010-06-24,,
Paolo Ferrone,Langeroog,Paolo Ferrone,,,,2010-03-02,,
Fabio Nogueira,Langeroog,Fabio Nogueira,,,,2014-03-03,,
M Butzheinen,Langeroog,M Butzheinen,,,,2014-06-26,,
María Arribas,Langeroog,María Arribas,,,,2012-07-05,,
Dr. Eva Maria Kluth,Langeroog,Dr. Eva Maria Kluth,,,,2011-02-26,,
Prof. Dr. Raymund Wilhelm,Langeroog,Prof. Dr. Raymund Wilhelm,,,,2014-02-18,,
PD Dr. Novella Di Nunzio,Langeroog,PD Dr. Novella Di Nunzio,,,,2013-05-22,,
Dr. Ute Barbara Schilly,Langeroog,Dr. Ute Barbara Schilly,,,,2009-12-08,,
Mario Schimanski,Langeroog,Mario Schimanski,,,,2013-09-04,,
Robert Beck,Langeroog,Robert Beck,,,,2014-03-25,,
Géraldine Desmarchelier,Langeroog,Géraldine Desmarchelier,,,,2014-04-02,,
Katarina  Rempe,Langeroog,Katarina  Rempe,,,,2014-03-08,,
Sekretariat  Fremdsprachendidaktiken,Langeroog,Sekretariat  Fremdsprachendidaktiken,,,,2014-08-12,,
Silvia Eunice Gutiérrez De la Torre,Langeroog,Silvia Eunice Gutiérrez De la Torre,,,,2014-03-06,,
Dr. David Schidlowsky,Langeroog,Dr. David Schidlowsky,,,,2014-07-07,,
Susanne Zieglmeier,Langeroog,Susanne Zieglmeier,,,,2014-08-13,,
Dr. Beate Weghofer,Langeroog,Dr. Beate Weghofer,,,,2010-10-28,,
Dr. habil. Rita  Unfer Lukoschik,Langeroog,Dr. habil. Rita  Unfer Lukoschik,,,,2011-01-28,,
Dr. Hanna Milling,Langeroog,Dr. Hanna Milling,,,,2010-01-30,,
Caterina Sala,Langeroog,Caterina Sala,,,,2014-03-07,,
Emmanuel Faure,Langeroog,Emmanuel Faure,,,,2014-03-03,,
Isabel Exner,Langeroog,Isabel Exner,,,,2014-04-26,,
Dr. Patricia Bigdely,Langeroog,Dr. Patricia Bigdely,,,,2014-03-31,,
María Isabel Hernández del Rincón,Langeroog,María Isabel Hernández del Rincón,,,,2014-02-28,,
Maite Martín G.,Langeroog,Maite Martín G.,,,,2011-06-01,,
Dr. Lidia Cámara,Langeroog,Dr. Lidia Cámara,,,,2011-02-16,,
Dr. Aclay Asutay,Langeroog,Dr. Aclay Asutay,,,,2010-02-13,,
Madalina Simona  Schwarz,Langeroog,Madalina Simona  Schwarz,,,,2013-05-10,,
Prof. Dr. Gerald Ford,Langeroog,Prof. Dr. Gerald Ford,,,,2011-08-04,,
Cornelius Griep,Langeroog,Cornelius Griep,,,,2011-05-04,,
Julie  Behrman Ortegon,Langeroog,Julie  Behrman Ortegon,,,,2012-05-14,,
Elena Avrasina,Langeroog,Elena Avrasina,,,,2011-03-09,,
Andrea  Wurdak,Langeroog,Andrea  Wurdak,,,,2010-12-16,,
Dr. Gilca Seidinger,Langeroog,Dr. Gilca Seidinger,,,,2013-01-05,,
Sebastian Lauschus,Langeroog,Sebastian Lauschus,,,,2014-04-11,,
David Rusek,Langeroog,David Rusek,,,,2011-07-09,,
Haimo  Stiemer,Langeroog,Haimo  Stiemer,,,,2014-07-08,,
Maureen Grönke,Langeroog,Maureen Grönke,,,,2011-12-02,,
Virginie Ransinan,Langeroog,Virginie Ransinan,,,,2014-03-11,,
Estella Llorente,Langeroog,Estella Llorente,,,,2011-01-31,,
Dr. Stephanie Fleischmann,Langeroog,Dr. Stephanie Fleischmann,,,,2013-07-09,,
Laura Bally,Langeroog,Laura Bally,,,,2011-11-16,,
Dr. Corinna Manuela Kirstein,Langeroog,Dr. Corinna Manuela Kirstein,,,,2013-02-09,,
Nadine Alexander,Langeroog,Nadine Alexander,,,,2011-08-24,,
Dr. Werner Müller-Pelzer,Dortmund,Dr. Werner Müller-Pelzer,,,,2011-09-20,,
Antonella Ruggieri,Dresden,Antonella Ruggieri,,,,2011-04-21,,
Dr. Christoph Mayer,Dresden,Dr. Christoph Mayer,,,,2011-10-17,,
Galina Putjata,Dresden,Galina Putjata,,,,2012-04-04,,
Prof. Dr. Maria Lieber,Dresden,Prof. Dr. Maria Lieber,,,,2011-02-06,,
Prof. Dr. Ingo  Kolboom,Dresden,Prof. Dr. Ingo  Kolboom,,,,2013-01-06,,
Prof. Dr. Roswitha Böhm,Dresden,Prof. Dr. Roswitha Böhm,,,,2010-02-12,,
Pauline Moret-Jankus,Durham,Pauline Moret-Jankus,,,,2014-02-28,,
Dr. Rebecca Ferreboeuf,Durham,Dr. Rebecca Ferreboeuf,,,,2013-01-21,,
Prof. Dr. Fernand Hörner,Düsseldorf,Prof. Dr. Fernand Hörner,,,,2010-02-03,,
Prof. Dr. Vittoria  Borsò,Düsseldorf,Prof. Dr. Vittoria  Borsò,,,,2013-10-17,,
Réka Török,Düsseldorf,Réka Török,,,,2010-06-16,,
Dr. Anne Schülke,Düsseldorf,Dr. Anne Schülke,,,,2014-05-09,,
Katrin Goldenstein,Düsseldorf,Katrin Goldenstein,,,,2010-07-15,,
Prof. Dr. Fritz Nies,Düsseldorf,Prof. Dr. Fritz Nies,,,,2013-09-25,,
Sarah Gröning,Düsseldorf,Sarah Gröning,,,,2012-07-18,,
Karolin Viseneber,Düsseldorf,Karolin Viseneber,,,,2009-12-18,,
Dr. Vera Elisabeth Gerling,Düsseldorf,Dr. Vera Elisabeth Gerling,,,,2012-09-21,,
Dr. Yasmin  Temelli,Düsseldorf,Dr. Yasmin  Temelli,,,,2013-02-07,,
Prof. Dr. Elmar Schafroth,Düsseldorf,Prof. Dr. Elmar Schafroth,,,,2012-07-08,,
Niklas Gutjahr,Düsseldorf,Niklas Gutjahr,,,,2013-02-07,,
PD Dr. Sonja Maria Steckbauer,Eichstätt,PD Dr. Sonja Maria Steckbauer,,,,2009-12-28,,
Dorothea Kraus,Eichstätt,Dorothea Kraus,,,,2009-12-09,,
Martine Kowalski-Bellet,Eichstätt,Martine Kowalski-Bellet,,,,2014-04-27,,
Yahya Kouroshi,Erfurt,Yahya Kouroshi,,,,2011-09-22,,
Prof. Dr. Jörg Dünne,Erfurt,Prof. Dr. Jörg Dünne,,,,2009-10-24,,
Kathrin Fehringer,Erfurt,Kathrin Fehringer,,,,2011-02-10,,
Ninon Franziska Thiem,Erfurt,Ninon Franziska Thiem,,,,2009-11-01,,
Paula Valeria Fernández Blanco ,Erfurt,Paula Valeria Fernández Blanco ,,,,2014-03-14,,
Prof. Dr. Andrea Pagni,Erlangen,Prof. Dr. Andrea Pagni,,,,2014-08-11,,
Dr. Teresa Hiergeist,Erlangen,Dr. Teresa Hiergeist,,,,2014-08-13,,
Dr. Monica Biasiolo,Erlangen,Dr. Monica Biasiolo,,,,2013-06-06,,
PD Dr. Annette Keilhauer,Erlangen,PD Dr. Annette Keilhauer,,,,2010-06-06,,
PD Dr. Christian Rivoletti,Erlangen,PD Dr. Christian Rivoletti,,,,2011-07-12,,
Prof. Dr. Helmut C. Jacobs,Essen,Prof. Dr. Helmut C. Jacobs,,,,2012-08-13,,
Cecile Croze,Essen,Cecile Croze,,,,2014-04-06,,
Dr. Nina Preyer,Essen,Dr. Nina Preyer,,,,2011-03-04,,
Dr. Rosamna Pardellas Velay,Essen,Dr. Rosamna Pardellas Velay,,,,2012-02-01,,
Sina Saafi,Essen,Sina Saafi,,,,2013-01-24,,
Prof. Dr. Dietmar Osthus,Essen,Prof. Dr. Dietmar Osthus,,,,2011-07-05,,
Prof. Dr. Daniel Reimann,Essen,Prof. Dr. Daniel Reimann,,,,2009-12-23,,
Mark Klingenberger,Essen,Mark Klingenberger,,,,2012-09-25,,
Anne Seitz,France,Anne Seitz,,,,2014-03-07,,
Maurella Carbone,Frankfurt am Main,Maurella Carbone,,,,2012-01-13,,
Petra Noack,Frankfurt am Main,Petra Noack,,,,2010-01-08,,
Marggie Victoria Monsalve,Frankfurt am Main,Marggie Victoria Monsalve,,,,2014-08-06,,
Prof. Dr. Gerhard  Wild,Frankfurt am Main,Prof. Dr. Gerhard  Wild,,,,2012-09-24,,
Dr. Kathrina Reschka,Frankfurt am Main,Dr. Kathrina Reschka,,,,2013-01-04,,
Dr. Ingo Feldhausen,Frankfurt am Main,Dr. Ingo Feldhausen,,,,2010-11-26,,
Maria Amelina,Frankfurt am Main,Maria Amelina,,,,2011-02-13,,
Katja Priebe,Frankfurt am Main,Katja Priebe,,,,2011-07-05,,
Andrea  Gremels,Frankfurt am Main,Andrea  Gremels,,,,2010-12-09,,
Anna-Christine Weirich,Frankfurt am Main,Anna-Christine Weirich,,,,2010-12-16,,
Dr. Jochen Strathmann,Frankfurt am Main,Dr. Jochen Strathmann,,,,2010-05-14,,
Tobias Berneiser,Frankfurt am Main,Tobias Berneiser,,,,2014-06-27,,
Tatjana  Leichsering,Frankfurt am Main,Tatjana  Leichsering,,,,2010-12-14,,
Dr. Regina Schleicher,Frankfurt am Main,Dr. Regina Schleicher,,,,2009-11-15,,
Rebecca Aschenberg,Frankfurt am Main,Rebecca Aschenberg,,,,2010-09-30,,
Eva Ares,Frankfurt am Main,Eva Ares,,,,2010-05-06,,
Dr. Anne Wigger,Frankfurt am Main,Dr. Anne Wigger,,,,2010-09-29,,
Beatrice Vervuert,Frankfurt am Main,Beatrice Vervuert,,,,2009-12-21,,
Dr. Pablo Valdivia Orozco,Frankfurt an der Oder,Dr. Pablo Valdivia Orozco,,,,2012-01-05,,
Dr. Henning Hufnagel,Freiburg,Dr. Henning Hufnagel,,,,2010-01-25,,
Jennifer Gabel,Freiburg,Jennifer Gabel,,,,2010-02-08,,
Dr. Claus D. Pusch,Freiburg,Dr. Claus D. Pusch,,,,2011-03-09,,
Prof. Dr. Thomas Klinkert,Freiburg,Prof. Dr. Thomas Klinkert,,,,2010-10-23,,
Dr. Ulrich Farrenkopf,Freiburg,Dr. Ulrich Farrenkopf,,,,2011-05-15,,
Dr. Malte Rosemeyer,Freiburg,Dr. Malte Rosemeyer,,,,2014-04-13,,
Dr. Sophie  Bertho,Freiburg,Dr. Sophie  Bertho,,,,2012-05-01,,
Julia Ilgner,Freiburg,Julia Ilgner,,,,2012-03-19,,
María Pliar Himmelsbach,Freiburg,María Pliar Himmelsbach,,,,2013-10-23,,
Prof. Dr. Joseph Jurt,Freiburg,Prof. Dr. Joseph Jurt,,,,2012-01-20,,
Mario Willersinn,Freiburg,Mario Willersinn,,,,2009-11-12,,
Dr. Betül Dilmac,Freiburg,Dr. Betül Dilmac,,,,2012-10-12,,
Luminita Trasca,Freiburg,Luminita Trasca,,,,2013-01-27,,
Prof. Dr. Isabelle Mordellet-Roggenbuck,Freiburg,Prof. Dr. Isabelle Mordellet-Roggenbuck,,,,2013-12-05,,
Vanessa Tölke,Freiburg,Vanessa Tölke,,,,2013-02-01,,
Dr. Oliver Ehmer,Freiburg,Dr. Oliver Ehmer,,,,2013-06-03,,
Thomas  Edeling,Freiburg,Thomas  Edeling,,,,2012-07-13,,
Antonie Rita  Wiedemann,Genova,Antonie Rita  Wiedemann,,,,2010-07-15,,
Prof. Dr. Rita  De Maeseneer,Ghent,Prof. Dr. Rita  De Maeseneer,,,,2014-03-07,,
Benjamin  Inal,Gießen,Benjamin  Inal,,,,2010-10-19,,
Dr. Doris Bachmann-Medick,Gießen,Dr. Doris Bachmann-Medick,,,,2010-02-18,,
Anna  Wörsdörfer,Gießen,Anna  Wörsdörfer,,,,2013-09-17,,
Dr. Christian Grünnagel,Gießen,Dr. Christian Grünnagel,,,,2010-12-07,,
Dr. Henriette  Partzsch,Glasgow,Dr. Henriette  Partzsch,,,,2011-09-05,,
Christina Riesenweber,Göttingen,Christina Riesenweber,,,,2011-09-08,,
Veronica Morgade,Göttingen,Veronica Morgade,,,,2010-07-18,,
Vânia  Morais,Göttingen,Vânia  Morais,,,,2011-06-23,,
Dr. Doris Pany,Göttingen,Dr. Doris Pany,,,,2011-11-14,,
Natalia Pérez de Herrasti,Göttingen,Natalia Pérez de Herrasti,,,,2012-03-11,,
Ines Hansen,Göttingen,Ines Hansen,,,,2013-02-26,,
Dr. Claudia  Nickel,Göttingen,Dr. Claudia  Nickel,,,,2012-06-15,,
Joaquim Peito,Göttingen,Joaquim Peito,,,,2013-02-14,,
"Dr. des. Karoline Henriette Heyder, geb. Meyer-Holz   ",Göttingen,"Dr. des. Karoline Henriette Heyder, geb. Meyer-Holz   ",,,,2011-05-25,,
Dr. Doris  Wieser,Göttingen,Dr. Doris  Wieser,,,,2010-07-14,,
PD Dr. Anja Overbeck,Göttingen,PD Dr. Anja Overbeck,,,,2010-07-26,,
Dr. Friederike von Criegern,Göttingen,Dr. Friederike von Criegern,,,,2011-02-26,,
Frank Savelsberg,Göttingen,Frank Savelsberg,,,,2011-03-16,,
Markus Breitbarth,Göttingen,Markus Breitbarth,,,,2013-02-18,,
PD Dr. Anja Overbeck,Göttingen,PD Dr. Anja Overbeck,,,,2013-09-04,,
 Ximena Ordónez ,Göttingen, Ximena Ordónez ,,,,2013-06-12,,
Minerva  Peinador Pérez,Graz,Minerva  Peinador Pérez,,,,2011-08-29,,
Michaela Fischer,Graz,Michaela Fischer,,,,2011-12-07,,
Dr. Adriana Vignazia,Graz,Dr. Adriana Vignazia,,,,2011-10-25,,
Isabel Azevedo,Graz,Isabel Azevedo,,,,2014-05-26,,
Prof. Dr. Klaus-Dieter Ertler,Graz,Prof. Dr. Klaus-Dieter Ertler,,,,2010-12-10,,
Dr. Kristina  Jungmann,Graz,Dr. Kristina  Jungmann,,,,2010-06-29,,
Dr. Fausto De Michele,Graz,Dr. Fausto De Michele,,,,2011-02-18,,
Dr. Simona Bartoli Kucher,Graz,Dr. Simona Bartoli Kucher,,,,2011-06-10,,
Elke Lackner,Graz,Elke Lackner,,,,2012-08-10,,
Prof. Dr. Martin Hummel,Graz,Prof. Dr. Martin Hummel,,,,2012-11-26,,
Dr. Rita Rieger,Graz,Dr. Rita Rieger,,,,2011-12-21,,
Andreea Csibi,Graz,Andreea Csibi,,,,2012-01-05,,
Dr. Verena Schwägerl-Melchior,Graz,Dr. Verena Schwägerl-Melchior,,,,2013-05-21,,
Dr. Luca Melchior,Graz,Dr. Luca Melchior,,,,2009-12-02,,
Dr. Albert Göschl,Graz,Dr. Albert Göschl,,,,2011-02-02,,
Dr. Andrea Berger,Graz,Dr. Andrea Berger,,,,2012-07-30,,
Dr. António  Dinis,Graz,Dr. António  Dinis,,,,2012-03-18,,
Dr. Jens Metz,Greifswald,Dr. Jens Metz,,,,2010-05-09,,
Stefanie Voigt,Groningen,Stefanie Voigt,,,,2012-09-18,,
Dr. Irma Susana Carbajal Vaca,Guadalajara,Dr. Irma Susana Carbajal Vaca,,,,2014-08-28,,
Dr. Aurélie Barjonet,Guyancourt,Dr. Aurélie Barjonet,,,,2010-09-19,,
Michèle Vallenthini,Halle,Michèle Vallenthini,,,,2012-06-25,,
Dr. Steve Pagel,Halle an der Saale,Dr. Steve Pagel,,,,2011-05-12,,
Apl. Prof. Christophe Losfeld,Halle an der Saale,Apl. Prof. Christophe Losfeld,,,,2011-02-04,,
Prof. Dr. Eva Leitzke-Ungerer,Halle an der Saale,Prof. Dr. Eva Leitzke-Ungerer,,,,2009-12-07,,
Dr. Liliana Gómez,Halle an der Saale,Dr. Liliana Gómez,,,,2011-01-05,,
Prof. Dr. Robert Fajen,Halle an der Saale,Prof. Dr. Robert Fajen,,,,2013-01-28,,
Dr. Kristin Reichel,Halle an der Saale,Dr. Kristin Reichel,,,,2012-06-26,,
Prof. Dr. Dorothee Röseberg,Halle an der Saale,Prof. Dr. Dorothee Röseberg,,,,2012-07-19,,
Prof. Dr. Dorothee Röseberg,Halle an der Saale,Prof. Dr. Dorothee Röseberg,,,,2013-02-05,,
Marie-Therese Mäder,Halle an der Saale,Marie-Therese Mäder,,,,2013-01-31,,
Prof. Dr. Thomas Bremer,Halle an der Saale,Prof. Dr. Thomas Bremer,,,,2012-12-10,,
Iván Allende,Hamburg,Iván Allende,,,,2013-04-10,,
Peter Peetz,Hamburg,Peter Peetz,,,,2010-04-07,,
Nadine Haas,Hamburg,Nadine Haas,,,,2009-12-02,,
Johannes Kambylis,Hamburg,Johannes Kambylis,,,,2013-03-15,,
Dr. Christian van Treeck,Hamburg,Dr. Christian van Treeck,,,,2010-10-23,,
Griseldis Hemekendreis,Hamburg,Griseldis Hemekendreis,,,,2011-02-02,,
Christian Beermann,Hamburg,Christian Beermann,,,,2011-08-19,,
Janina Vernal Schmidt,Hamburg,Janina Vernal Schmidt,,,,2009-12-20,,
Dr. Ebba Durstewitz,Hamburg,Dr. Ebba Durstewitz,,,,2011-09-13,,
Gabriele Montaldi-Seelhorst,Hamburg,Gabriele Montaldi-Seelhorst,,,,2010-03-20,,
Julia Borst,Hamburg,Julia Borst,,,,2011-08-31,,
Suzana Vasconcelos de Melo,Hamburg,Suzana Vasconcelos de Melo,,,,2011-08-25,,
Madalena Simões,Hamburg,Madalena Simões,,,,2012-01-21,,
Ida Danciu,Hamburg,Ida Danciu,,,,2010-05-16,,
Leda Marana Bim,Hamburg,Leda Marana Bim,,,,2012-02-13,,
Andrea Peskova,Hamburg,Andrea Peskova,,,,2011-07-11,,
Nadine  Mahnke,Hamburg,Nadine  Mahnke,,,,2010-11-02,,
Sonia Labiadh,Hamburg,Sonia Labiadh,,,,2010-10-25,,
Stephanie Neu,Hamburg,Stephanie Neu,,,,2009-12-03,,
Dr. Javier Navarro,Hamburg,Dr. Javier Navarro,,,,2013-09-08,,
Fabien Kunz-Vitali,Hamburg,Fabien Kunz-Vitali,,,,2014-05-15,,
Prof. Dr. Christoph Gabriel,Hamburg,Prof. Dr. Christoph Gabriel,,,,2010-10-01,,
Prof. Dr. Silke Segler-Meßner,Hamburg,Prof. Dr. Silke Segler-Meßner,,,,2013-04-15,,
Dr. Marc-Olivier Hinzelin,Hamburg,Dr. Marc-Olivier Hinzelin,,,,2009-10-29,,
Prof. Dr. Marcus Bär,Hamburg,Prof. Dr. Marcus Bär,,,,2010-05-08,,
Prof. Dr. Lidia  Becker,Hannover,Prof. Dr. Lidia  Becker,,,,2011-10-21,,
Martina Urioste-Buschmann,Hannover,Martina Urioste-Buschmann,,,,2012-08-15,,
Dr. Arlety Góngora,Havana,Dr. Arlety Góngora,,,,2010-12-30,,
Dr. Stephen Dörr,Heidelberg,Dr. Stephen Dörr,,,,2012-01-12,,
Dr. Stéfanie Witzigmann,Heidelberg,Dr. Stéfanie Witzigmann,,,,2011-12-17,,
Carolina Gutiérrez Rudas,Heidelberg,Carolina Gutiérrez Rudas,,,,2010-08-02,,
Dr. Giulia Pelillo,Heidelberg,Dr. Giulia Pelillo,,,,2011-06-06,,
Prof. Dr. Gerhard  Poppenberg,Heidelberg,Prof. Dr. Gerhard  Poppenberg,,,,2011-03-02,,
Anne Sommer,Heidelberg,Anne Sommer,,,,2010-01-28,,
Dr. Laurentius Pop,Heidelberg,Dr. Laurentius Pop,,,,2011-11-28,,
Prof. Dr. Kirsten  Mahlke,Heidelberg,Prof. Dr. Kirsten  Mahlke,,,,2010-05-29,,
Helmut Ullrich,Heidelberg,Helmut Ullrich,,,,2010-06-12,,
Prof. Dr. Oscar Loureda,Heidelberg,Prof. Dr. Oscar Loureda,,,,2010-05-31,,
Ruth Katharina Kopp,Heidelberg,Ruth Katharina Kopp,,,,2010-03-10,,
Dr. Anne Brüske,Heidelberg,Dr. Anne Brüske,,,,2010-04-09,,
Eva Maria Loos,Heidelberg,Eva Maria Loos,,,,2010-01-22,,
Dr. Daniela Pietrini,Heidelberg,Dr. Daniela Pietrini,,,,2012-02-09,,
Sylvia Rexing,Heidelberg,Sylvia Rexing,,,,2010-08-10,,
Sandra Rudman,Heidelberg,Sandra Rudman,,,,2014-06-27,,
Dr. Viktoria Adam,Heidelberg,Dr. Viktoria Adam,,,,2014-01-29,,
Cosima Stawenow,Heidelberg,Cosima Stawenow,,,,2011-12-01,,
Inés Recio Fernández,Heidelberg,Inés Recio Fernández,,,,2014-07-15,,
Denis Zh,Heidelberg,Denis Zh,,,,2013-11-02,,
Prof. Dr. Jens Lüdtke,Heidelberg,Prof. Dr. Jens Lüdtke,,,,2012-03-14,,
Prof. Dr. Margarita Borreguero,Heidelberg,Prof. Dr. Margarita Borreguero,,,,2013-04-01,,
Wiebke Beushausen,Heidelberg,Wiebke Beushausen,,,,2014-04-14,,
Karen Saban,Heidelberg,Karen Saban,,,,2013-09-05,,
Ana-Sofia Commichau,Heidelberg,Ana-Sofia Commichau,,,,2013-06-21,,
PD Dr. Caroline  Lüderssen,Heidelberg,PD Dr. Caroline  Lüderssen,,,,2014-04-07,,
PD Dr. Caroline Lüderssen,Heidelberg,PD Dr. Caroline Lüderssen,,,,2011-07-05,,
Dr. Laura Biella,Heidelberg,Dr. Laura Biella,,,,2014-03-31,,
Sandra  Villaverde Santos,Heilbronn,Sandra  Villaverde Santos,,,,2013-12-12,,
Prof. Dr. Annette Sabban,Hildesheim,Prof. Dr. Annette Sabban,,,,2012-11-16,,
PD Dr. Christiane Maaß,Hildesheim,PD Dr. Christiane Maaß,,,,2010-12-17,,
Spanische ArbeitsmigrantInnen in Niedersachsen,Hildesheim,Spanische ArbeitsmigrantInnen in Niedersachsen,,,,2011-05-24,,
Prof. Dr. Bettina Kluge,Hildesheim,Prof. Dr. Bettina Kluge,,,,2014-02-27,,
Prof. Dr. Andrei Corbea-Hoisie,Iași,Prof. Dr. Andrei Corbea-Hoisie,,,,2013-01-30,,
Prof. Dr. Magda Jeanrenaud,Iași,Prof. Dr. Magda Jeanrenaud,,,,2013-01-30,,
Prof. Dr. Ursula Mathis-Moser,Innsbruck,Prof. Dr. Ursula Mathis-Moser,,,,2010-01-22,,
PD Dr. Gerhild Fuchs,Innsbruck,PD Dr. Gerhild Fuchs,,,,2011-08-22,,
Dr. Julia Pröll,Innsbruck,Dr. Julia Pröll,,,,2011-09-14,,
Martina Albrich,Innsbruck,Martina Albrich,,,,2011-09-05,,
Prof. Dr. Eva Lavric,Innsbruck,Prof. Dr. Eva Lavric,,,,2010-02-13,,
Dr. Carmen Konzett,Innsbruck,Dr. Carmen Konzett,,,,2010-09-23,,
Dr. Daniel Winkler,Innsbruck,Dr. Daniel Winkler,,,,2009-10-30,,
Prof. Dr. Heidi Siller-Runggaldier,Innsbruck,Prof. Dr. Heidi Siller-Runggaldier,,,,2011-02-24,,
Dr. Angelo Pagliardini,Innsbruck,Dr. Angelo Pagliardini,,,,2010-01-15,,
Erica Autelli,Innsbruck,Erica Autelli,,,,2011-06-11,,
Dr. Christine Konecny,Innsbruck,Dr. Christine Konecny,,,,2010-08-04,,
Julia Pümpel,Innsbruck,Julia Pümpel,,,,2009-12-03,,
Prof. Dr. Birgit Mertz-Baumgartner,Innsbruck,Prof. Dr. Birgit Mertz-Baumgartner,,,,2012-05-20,,
Dr. Vera Tufano,Italy,Dr. Vera Tufano,,,,2011-01-29,,
Dr. Oriana Ferraguzzi,Italy,Dr. Oriana Ferraguzzi,,,,2014-06-08,,
Jan Casalicchio,Italy,Jan Casalicchio,,,,2013-06-11,,
Katrin Ziegler,Italy,Katrin Ziegler,,,,2010-11-30,,
Dr. Stefania Murru,Italy,Dr. Stefania Murru,,,,2011-10-01,,
Prof. Dr. Rainer Schlösser,Jena,Prof. Dr. Rainer Schlösser,,,,2012-04-17,,
Dr. Olaf Müller,Jena,Dr. Olaf Müller,,,,2009-10-29,,
Dr. Holger Wochele,Jena,Dr. Holger Wochele,,,,2011-02-23,,
Dr. Corinne M. Dölling,Jena,Dr. Corinne M. Dölling,,,,2013-11-25,,
CHAPTERS IN COLLECTIONS,Jerusalem,CHAPTERS IN COLLECTIONS,,,,2011-08-08,,
Sebastian Knoth,Kassel,Sebastian Knoth,,,,2010-12-22,,
Katherina Keller-Grein,Kassel,Katherina Keller-Grein,,,,2010-12-22,,
Daniela Szyska,Kassel,Daniela Szyska,,,,2010-08-04,,
Dr. Patrick Eser,Kassel,Dr. Patrick Eser,,,,2012-04-06,,
Prof. Dr. Franziska Sick,Kassel,Prof. Dr. Franziska Sick,,,,2010-01-08,,
Annika  Mayer,Kassel,Annika  Mayer,,,,2014-08-11,,
Julia Anslik,Kiel,Julia Anslik,,,,2010-07-17,,
Julia Engels,Kiel,Julia Engels,,,,2011-09-08,,
Prof. Dr. Elmar Eggert,Kiel,Prof. Dr. Elmar Eggert,,,,2010-12-20,,
Prof. Dr. Ulrich Hoinkes,Kiel,Prof. Dr. Ulrich Hoinkes,,,,2013-06-25,,
Dr. Francesca Bravi,Kiel,Dr. Francesca Bravi,,,,2012-01-27,,
Dr. Claudia Elisabeth Pichler,Klagenfurt,Dr. Claudia Elisabeth Pichler,,,,2010-12-14,,
Prof. Dr. Raymund Wilhelm,Klagenfurt,Prof. Dr. Raymund Wilhelm,,,,2011-10-15,,
Andrea Urban ,Klagenfurt,Andrea Urban ,,,,2012-06-26,,
Prof. Dr. Kirsten Dickhaut,Koblenz,Prof. Dr. Kirsten Dickhaut,,,,2010-01-20,,
PD Dr. Niklas Bender,Koblenz,PD Dr. Niklas Bender,,,,2011-11-21,,
Prof. Dr. Ursula Wienen,Köln,Prof. Dr. Ursula Wienen,,,,2010-12-13,,
Fabienne Loureiro,Köln,Fabienne Loureiro,,,,2013-07-14,,
Dr. Tobias Eisermann,Köln,Dr. Tobias Eisermann,,,,2012-12-26,,
Frank Reza Links,Köln,Frank Reza Links,,,,2009-12-06,,
Alexandre Martins,Köln,Alexandre Martins,,,,2010-09-16,,
Dr. Werner Imbach,Köln,Dr. Werner Imbach,,,,2011-06-11,,
Prof. Dr. Gesine Mueller,Köln,Prof. Dr. Gesine Mueller,,,,2012-01-16,,
Benjamin Loy,Köln,Benjamin Loy,,,,2013-06-17,,
Sarah Schwellenbach,Köln,Sarah Schwellenbach,,,,2014-04-06,,
Dr. Sascha Diwersy,Köln,Dr. Sascha Diwersy,,,,2013-11-29,,
Melanie Uth,Köln,Melanie Uth,,,,2014-01-14,,
Dr. Matthias Bürgel,Köln,Dr. Matthias Bürgel,,,,2010-08-09,,
Marcos Zampieri,Köln,Marcos Zampieri,,,,2014-01-23,,
Ursula Arning,Köln,Ursula Arning,,,,2009-12-04,,
Dr. Miriam Lay Brander,Konstanz,Dr. Miriam Lay Brander,,,,2011-07-30,,
Mariana Eva Perez,Konstanz,Mariana Eva Perez,,,,2014-05-28,,
Prof. Dr. Georg A.  Kaiser,Konstanz,Prof. Dr. Georg A.  Kaiser,,,,2013-09-24,,
Dr. Danielle  Dahan-Feucht,Konstanz,Dr. Danielle  Dahan-Feucht,,,,2013-12-06,,
Dr. Anja Kauß,Kraków,Dr. Anja Kauß,,,,2010-01-07,,
Dr. Heidrun Witte,Las Palmas de Gran Canaria,Dr. Heidrun Witte,,,,2010-01-12,,
Noémie Chardonnens,Lausanne,Noémie Chardonnens,,,,2012-06-13,,
Dr. Gabriela Cordone,Lausanne,Dr. Gabriela Cordone,,,,2013-12-29,,
Sara Bernechea,Lausanne,Sara Bernechea,,,,2014-07-19,,
Dr. Luigia Garrapa,Lecce,Dr. Luigia Garrapa,,,,2011-11-24,,
PD Dr. Thomas Höpel,Leipzig,PD Dr. Thomas Höpel,,,,2011-01-09,,
Julia Burkhardt,Leipzig,Julia Burkhardt,,,,2012-06-25,,
Dr. Médéric Vildebrand,Leipzig,Dr. Médéric Vildebrand,,,,2010-02-23,,
Dr. Tanja Schwan,Leipzig,Dr. Tanja Schwan,,,,2014-05-14,,
Neuere Publikationen:,Leipzig,Neuere Publikationen:,,,,2010-12-30,,
Prof. Dr. Elisabeth Burr,Leipzig,Prof. Dr. Elisabeth Burr,,,,2010-01-17,,
Prof. Dr. Alfonso de Toro,Leipzig,Prof. Dr. Alfonso de Toro,,,,2013-12-10,,
Dr. Juliane Tauchnitz,Leipzig,Dr. Juliane Tauchnitz,,,,2014-02-11,,
Katharina Funke,Leipzig,Katharina Funke,,,,2012-05-29,,
Dr. Matthias Irmer,Leipzig,Dr. Matthias Irmer,,,,2012-04-21,,
Kristin Mlynek-Theil,Leipzig,Kristin Mlynek-Theil,,,,2014-04-24,,
Prof. Dr. Carsten Sinner,Leipzig,Prof. Dr. Carsten Sinner,,,,2011-12-16,,
Dr. Helmut Melzer,Leipzig,Dr. Helmut Melzer,,,,2012-11-10,,
Dr. Fernando Ramos Arenas,Leipzig,Dr. Fernando Ramos Arenas,,,,2011-09-27,,
Dr. Reindert Dhondt,Leuven,Dr. Reindert Dhondt,,,,2011-11-24,,
Dr. Álvaro Ceballos Viro,Liège,Dr. Álvaro Ceballos Viro,,,,2010-03-03,,
Prof. Dr. Yazmín López Lenci,Lima,Prof. Dr. Yazmín López Lenci,,,,2009-12-02,,
Prof. Dr. Till R. Kuhnle,Limoges,Prof. Dr. Till R. Kuhnle,,,,2011-01-15,,
PD Dr. Ana Monica Fonseca,Lisboa,PD Dr. Ana Monica Fonseca,,,,2012-01-30,,
Dr. Simone Ventura,London,Dr. Simone Ventura,,,,2014-03-18,,
Miriam Marlo,Luxemburg,Miriam Marlo,,,,2011-09-08,,
Prof. Dr. Gudrun Ziegler,Luxemburg,Prof. Dr. Gudrun Ziegler,,,,2009-12-19,,
Rahel Stoike,Luxemburg,Rahel Stoike,,,,2012-04-14,,
Dr. Laura De Simone,Madrid,Dr. Laura De Simone,,,,2011-03-14,,
Prof. Dr. Sylvia  Thiele,Mainz,Prof. Dr. Sylvia  Thiele,,,,2014-05-15,,
Dr. Irene M. Weiss,Mainz,Dr. Irene M. Weiss,,,,2014-03-20,,
Dr. Caroline Mannweiler,Mainz,Dr. Caroline Mannweiler,,,,2012-08-03,,
Dr. José Carlos  Huisa Téllez,Mainz,Dr. José Carlos  Huisa Téllez,,,,2014-03-16,,
Prof. Dr. Benjamin Lucas Meisnitzer,Mainz,Prof. Dr. Benjamin Lucas Meisnitzer,,,,2014-06-21,,
Prof. Dr. Dietrich Scholler,Mainz,Prof. Dr. Dietrich Scholler,,,,2010-04-21,,
Alessandra  Matrone,Mainz,Alessandra  Matrone,,,,2011-10-05,,
Prof. Dr. Véronique Porra,Mainz,Prof. Dr. Véronique Porra,,,,2011-03-22,,
Tobias Röhl,Mainz,Tobias Röhl,,,,2011-03-10,,
Dr. Marcel Vejmelka,Mainz,Dr. Marcel Vejmelka,,,,2009-12-12,,
Prof. Dr. Martina  Schrader-Kniffki,Mainz,Prof. Dr. Martina  Schrader-Kniffki,,,,2010-04-23,,
Frédéric Nicolosi,Mainz,Frédéric Nicolosi,,,,2012-03-29,,
Dr. Robert Lukenda,Mainz,Dr. Robert Lukenda,,,,2012-05-04,,
Prof. Dr. Barbara Wehr,Mainz,Prof. Dr. Barbara Wehr,,,,2012-04-04,,
Dr. Timo  Obergöker,Mainz,Dr. Timo  Obergöker,,,,2012-04-21,,
Prof. Dr. Johannes Angermüller,Mainz,Prof. Dr. Johannes Angermüller,,,,2009-12-07,,
Vanessa Schlüter,Mainz,Vanessa Schlüter,,,,2012-01-30,,
PD Dr. Kristin Reinke,Mainz,PD Dr. Kristin Reinke,,,,2009-10-29,,
Lisa Zeller,Mainz,Lisa Zeller,,,,2011-04-21,,
Marina-Rafaela Buch,Mainz,Marina-Rafaela Buch,,,,2013-11-18,,
Jasmin Marjam Rezai Dubiel,Mainz,Jasmin Marjam Rezai Dubiel,,,,2011-06-14,,
Prof. Dr. Klaus  Ley,Mainz,Prof. Dr. Klaus  Ley,,,,2013-10-13,,
Lisa Zeller,Mainz,Lisa Zeller,,,,2014-01-27,,
Prof. Dr. Eberhard Geisler,Mainz,Prof. Dr. Eberhard Geisler,,,,2013-09-19,,
Isabell Lammel,Mainz,Isabell Lammel,,,,2013-02-12,,
Dr. María-José Varela Salinas,Málaga,Dr. María-José Varela Salinas,,,,2010-02-13,,
Dr. Daron Burrows,Manchester,Dr. Daron Burrows,,,,2013-02-26,,
Julia Wittemann,Mannheim,Julia Wittemann,,,,2010-11-04,,
Prof. Dr. Claudia Gronemann,Mannheim,Prof. Dr. Claudia Gronemann,,,,2013-02-24,,
Dr. Artemis Tsoupas,Mannheim,Dr. Artemis Tsoupas,,,,2012-07-13,,
Dr. Verena Thaler,Mannheim,Dr. Verena Thaler,,,,2013-02-23,,
Valentin Willaredt,Mannheim,Valentin Willaredt,,,,2012-11-19,,
Birgit Olk,Mannheim,Birgit Olk,,,,2010-05-25,,
PD Dr. Gabriele Birken-Silverman,Mannheim,PD Dr. Gabriele Birken-Silverman,,,,2010-02-05,,
PD Dr. Jutta Weiser,Mannheim,PD Dr. Jutta Weiser,,,,2010-11-06,,
Prof. Dr. Cornelia Ruhe,Mannheim,Prof. Dr. Cornelia Ruhe,,,,2009-12-02,,
Michael Gebhard,Mannheim,Michael Gebhard,,,,2010-02-28,,
Dr. Amina  Kropp,Mannheim,Dr. Amina  Kropp,,,,2014-07-13,,
Prof. Dr. Elton Prifti  2009-12-02,Mannheim,Prof. Dr. Elton Prifti  2009-12-02,,,,,,
Dr. Claude Paul,Mannheim,Dr. Claude Paul,,,,2011-10-28,,
 Daniela Kopf,Mannheim, Daniela Kopf,,,,2014-03-28,,
Raphaela Braun,Marburg,Raphaela Braun,,,,2011-08-26,,
Rahel Perschke,Marburg,Rahel Perschke,,,,2013-03-09,,
Daniela Bister,Marburg,Daniela Bister,,,,2014-05-24,,
Carlos Collado Seidel,Marburg,Carlos Collado Seidel,,,,2014-04-09,,
Prof. Dr. Véronique Duché,Melbourne,Prof. Dr. Véronique Duché,,,,2012-05-05,,
Prof. Dr. Ulrich Pfeil ,Metz,Prof. Dr. Ulrich Pfeil ,,,,2010-04-29,,
Prof. Dr. Helene Blondeau,Miami,Prof. Dr. Helene Blondeau,,,,2013-12-01,,
 Prof. Dr. Steven  Dworkin ,Michigan, Prof. Dr. Steven  Dworkin ,,,,2011-08-08,,
Antje Ziethen,Montréal,Antje Ziethen,,,,2013-04-18,,
Manuel Mühlbacher,München,Manuel Mühlbacher,,,,2014-07-16,,
PD Dr. Aurelia Merlan,München,PD Dr. Aurelia Merlan,,,,2010-07-06,,
Dr. Marlene Prischich,München,Dr. Marlene Prischich,,,,2010-01-16,,
Daniela Herglotz,München,Daniela Herglotz,,,,2012-07-07,,
Dr. Elissa Pustka,München,Dr. Elissa Pustka,,,,2011-06-17,,
Dr. Angela Oster,München,Dr. Angela Oster,,,,2010-03-13,,
Myriam Fagnon-Ruehlmann,München,Myriam Fagnon-Ruehlmann,,,,2014-03-01,,
Carolina  Spiegel,München,Carolina  Spiegel,,,,2013-07-26,,
Prof. Dr. Álvaro S. Octavio de Toledo y Huerta,München,Prof. Dr. Álvaro S. Octavio de Toledo y Huerta,,,,2014-04-20,,
Katharina Franko,München,Katharina Franko,,,,2014-05-26,,
Neele Meyer,München,Neele Meyer,,,,2014-03-11,,
Ornella Fendt,München,Ornella Fendt,,,,2014-07-05,,
Dr. Dagmar Stöferle,München,Dr. Dagmar Stöferle,,,,2010-11-11,,
Mona Neumeier,München,Mona Neumeier,,,,2014-05-08,,
Valerie Kiendl,München,Valerie Kiendl,,,,2013-07-26,,
Stefan Sassenberg,München,Stefan Sassenberg,,,,2013-08-12,,
Dr. Thomas Stöber,München,Dr. Thomas Stöber,,,,2009-10-29,,
PD Dr. Lars Schneider,München,PD Dr. Lars Schneider,,,,2009-10-28,,
Alexander Kagerer,München,Alexander Kagerer,,,,2014-06-30,,
Prof. Dr. Andreas Dufter,München,Prof. Dr. Andreas Dufter,,,,2010-05-15,,
David Klein,München,David Klein,,,,2011-02-02,,
Dr. Verena Schmöller,München,Dr. Verena Schmöller,,,,2009-12-08,,
Prof. Dr. Volker Noll,Münster,Prof. Dr. Volker Noll,,,,2010-11-19,,
Dr. Ursula Trappe,Münster,Dr. Ursula Trappe,,,,2011-08-16,,
Universität Münster: Sekretariat der Spanischen Abteilung,Münster,Universität Münster: Sekretariat der Spanischen Abteilung,,,,2014-05-28,,
Stefanie Bollmann,Münster,Stefanie Bollmann,,,,2011-06-27,,
Dr. Martin Baxmeyer,Münster,Dr. Martin Baxmeyer,,,,2012-09-17,,
PD Dr. Karin Becker,Münster,PD Dr. Karin Becker,,,,2011-12-07,,
Prof. Dr. Thomas Johnen,Münster,Prof. Dr. Thomas Johnen,,,,2009-12-03,,
Anna Sennefelder,Spiekeroog,Anna Sennefelder,,,,2014-05-14,,
Nicola Biskup-Breitenfeld,Spiekeroog,Nicola Biskup-Breitenfeld,,,,2014-07-01,,
Tjark Hecker,Spiekeroog,Tjark Hecker,,,,2012-04-04,,
Louise Dietrich,Spiekeroog,Louise Dietrich,,,,2010-05-17,,
Isabelle Kross,Spiekeroog,Isabelle Kross,,,,2010-02-10,,
Steffen Heidinger,Spiekeroog,Steffen Heidinger,,,,2014-04-25,,
Laura-Maria Thole,Spiekeroog,Laura-Maria Thole,,,,2014-05-16,,
Dr. Elena Castroviejo,Spiekeroog,Dr. Elena Castroviejo,,,,2014-04-03,,
Dr. Sofia  Stratilaki,Spiekeroog,Dr. Sofia  Stratilaki,,,,2012-10-21,,
Katrin Berty,Spiekeroog,Katrin Berty,,,,2014-07-23,,
Osvaldo Calle Quiñonez,Spiekeroog,Osvaldo Calle Quiñonez,,,,2014-06-22,,
Fabian Lehmann,Spiekeroog,Fabian Lehmann,,,,2014-07-07,,
Prof. Dr. Meike Meliss,Spiekeroog,Prof. Dr. Meike Meliss,,,,2014-05-10,,
Ousmane Somah,Spiekeroog,Ousmane Somah,,,,2014-05-01,,
Dr. Karl-Heinz Röntgen,Spiekeroog,Dr. Karl-Heinz Röntgen,,,,2014-03-17,,
Henrieke Markert,Spiekeroog,Henrieke Markert,,,,2012-08-03,,
Dr. Susana Paula Tavares,Spiekeroog,Dr. Susana Paula Tavares,,,,2014-08-14,,
Lea Akkermann,Spiekeroog,Lea Akkermann,,,,2014-03-02,,
Britta Quisbrok,Spiekeroog,Britta Quisbrok,,,,2014-05-12,,
Dr. Theresa Vögle,Spiekeroog,Dr. Theresa Vögle,,,,2012-06-12,,
Jenny Augustin,Spiekeroog,Jenny Augustin,,,,2012-07-30,,
Meryem Icin,Spiekeroog,Meryem Icin,,,,2014-04-04,,
Katharina Fürholzer,Spiekeroog,Katharina Fürholzer,,,,2014-05-27,,
Dr. Peter Jehle,Spiekeroog,Dr. Peter Jehle,,,,2010-08-27,,
Kamila Meyer,Spiekeroog,Kamila Meyer,,,,2010-01-15,,
valentina De Pascale,Spiekeroog,valentina De Pascale,,,,2014-06-24,,
Dr. Maria Lacueva i Lorenz,Spiekeroog,Dr. Maria Lacueva i Lorenz,,,,2014-06-05,,
Dr. Angela Weißhaar,Spiekeroog,Dr. Angela Weißhaar,,,,2014-03-01,,
Florence Marienne-Yao,Spiekeroog,Florence Marienne-Yao,,,,2014-03-02,,
Sheila Cano,Spiekeroog,Sheila Cano,,,,2014-06-13,,
Benny Schulz,Spiekeroog,Benny Schulz,,,,2013-06-12,,
Sonja  Humbel-Pain,Spiekeroog,Sonja  Humbel-Pain,,,,2014-03-12,,
Dr. Esther  Douterelo,Spiekeroog,Dr. Esther  Douterelo,,,,2014-03-26,,
Karolin Viseneber,Spiekeroog,Karolin Viseneber,,,,2014-07-14,,
Karla Hahndorf,Spiekeroog,Karla Hahndorf,,,,2014-01-20,,
Anita Maier,Spiekeroog,Anita Maier,,,,2011-04-19,,
Dr. Dominic Angeloch,Spiekeroog,Dr. Dominic Angeloch,,,,2014-04-25,,
Lara Willenberg,Spiekeroog,Lara Willenberg,,,,2012-02-02,,
Sandra Grießl,Spiekeroog,Sandra Grießl,,,,2012-03-02,,
Dr. Marta Ollé,Spiekeroog,Dr. Marta Ollé,,,,2014-03-15,,
Isabell Lindbüchl,Spiekeroog,Isabell Lindbüchl,,,,2014-04-13,,
Dr. Karl Philipp Ellerbrock,Spiekeroog,Dr. Karl Philipp Ellerbrock,,,,2014-02-20,,
Prof. Dr. Matei Chihaia,Spiekeroog,Prof. Dr. Matei Chihaia,,,,2014-08-04,,
Thomas Pfister,Spiekeroog,Thomas Pfister,,,,2010-01-24,,
Valentin Petzsche,Spiekeroog,Valentin Petzsche,,,,2010-12-15,,
Christine Irmler,Spiekeroog,Christine Irmler,,,,2010-07-23,,
Dr. Beate Langenbruch,Spiekeroog,Dr. Beate Langenbruch,,,,2010-09-03,,
Amine Bounaira,Spiekeroog,Amine Bounaira,,,,2014-09-11,,
Prof. Dr. Jens Andermann,Spiekeroog,Prof. Dr. Jens Andermann,,,,2014-04-22,,
Sabine Greiner,Spiekeroog,Sabine Greiner,,,,2014-03-27,,
PD Dr. Edi Zollinger,Spiekeroog,PD Dr. Edi Zollinger,,,,2013-03-21,,
Dr. Gerhard Schönberger,Spiekeroog,Dr. Gerhard Schönberger,,,,2010-01-13,,
Dr. Barbara Di Noi,Spiekeroog,Dr. Barbara Di Noi,,,,2012-09-30,,
Stéphane Névot,Spiekeroog,Stéphane Névot,,,,2013-06-21,,
Wilfried Sowada,Spiekeroog,Wilfried Sowada,,,,2014-03-01,,
PD Dr. Sonja Maria Steckbauer,Spiekeroog,PD Dr. Sonja Maria Steckbauer,,,,2014-03-04,,
Laura Schmidt,Spiekeroog,Laura Schmidt,,,,2012-02-13,,
PD Dr. Eva-Maria Güida,Spiekeroog,PD Dr. Eva-Maria Güida,,,,2014-04-17,,
Martina Mohr,Spiekeroog,Martina Mohr,,,,2014-09-08,,
Isabel Giustra,Spiekeroog,Isabel Giustra,,,,2014-03-25,,
Dr. Aouicha Mohr,Spiekeroog,Dr. Aouicha Mohr,,,,2010-01-12,,
Isabel Sorg,Spiekeroog,Isabel Sorg,,,,2013-08-30,,
Dr. Thi Thu Ha Ngo,Spiekeroog,Dr. Thi Thu Ha Ngo,,,,2014-03-03,,
Daniel Werner,Spiekeroog,Daniel Werner,,,,2012-10-11,,
Dr. Valentina Russo,Spiekeroog,Dr. Valentina Russo,,,,2014-03-01,,
Concetta Di Biase,Spiekeroog,Concetta Di Biase,,,,2014-03-01,,
Gabriella Lambrecht,Spiekeroog,Gabriella Lambrecht,,,,2013-11-16,,
Gabi Guadamillas,Spiekeroog,Gabi Guadamillas,,,,2014-09-02,,
Claudia  Damian,Spiekeroog,Claudia  Damian,,,,2014-01-27,,
Dr. Geneviève Roche,Spiekeroog,Dr. Geneviève Roche,,,,2014-03-04,,
Prof. Dr. Vahram Atayan,Spiekeroog,Prof. Dr. Vahram Atayan,,,,2014-05-27,,
Miriam Wittum,Spiekeroog,Miriam Wittum,,,,2011-11-03,,
Felix Tacke,Spiekeroog,Felix Tacke,,,,2014-03-19,,
Dr. Markus  Wiefarn,Spiekeroog,Dr. Markus  Wiefarn,,,,2014-04-15,,
Apl. Prof. Georgia Carvace,Spiekeroog,Apl. Prof. Georgia Carvace,,,,2012-12-12,,
Roberto Cortés,Spiekeroog,Roberto Cortés,,,,2010-09-10,,
Astrid Wlach,Spiekeroog,Astrid Wlach,,,,2014-05-13,,
Cécile Lambert,Spiekeroog,Cécile Lambert,,,,2014-04-06,,
Katrin Piene,Spiekeroog,Katrin Piene,,,,2009-12-22,,
Monia Dal Checco,Spiekeroog,Monia Dal Checco,,,,2012-10-16,,
Dr. Laura  Campanale,Spiekeroog,Dr. Laura  Campanale,,,,2014-05-05,,
Dr. Heike Necker,Spiekeroog,Dr. Heike Necker,,,,2012-08-22,,
Laura Rodrigues Nöhles,Spiekeroog,Laura Rodrigues Nöhles,,,,2011-08-18,,
Dr. Cristina Bianchi,Spiekeroog,Dr. Cristina Bianchi,,,,2014-04-29,,
Aniela Mikolajczyk,Spiekeroog,Aniela Mikolajczyk,,,,2014-05-15,,
Dr. Karin Peters,Spiekeroog,Dr. Karin Peters,,,,2014-05-20,,
Pascale Roure,Spiekeroog,Pascale Roure,,,,2011-01-22,,
Julia Wuttig,Spiekeroog,Julia Wuttig,,,,2014-06-04,,
Evgeniya Markova,Spiekeroog,Evgeniya Markova,,,,2011-01-18,,
André Bonilha,Spiekeroog,André Bonilha,,,,2010-03-06,,
Orlando Valenzuela,Spiekeroog,Orlando Valenzuela,,,,2013-12-09,,
Agathe  Mareuge,Spiekeroog,Agathe  Mareuge,,,,2014-02-07,,
Prof. Dr. Tobias Brandenberger,Spiekeroog,Prof. Dr. Tobias Brandenberger,,,,2014-05-25,,
Björn Römer,Spiekeroog,Björn Römer,,,,2012-09-14,,
Carolin Benz,Spiekeroog,Carolin Benz,,,,2011-06-24,,
Prof. Dr. Gisela Febel,Spiekeroog,Prof. Dr. Gisela Febel,,,,2014-06-13,,
Matthias Wolny,Spiekeroog,Matthias Wolny,,,,2014-06-10,,
Emika Bartodziej,Spiekeroog,Emika Bartodziej,,,,2010-10-28,,
Beate Kerpen,Spiekeroog,Beate Kerpen,,,,2014-03-17,,
Dr. habil. anna paola concu,Spiekeroog,Dr. habil. anna paola concu,,,,2014-03-12,,
Marie GABORIAUD,Spiekeroog,Marie GABORIAUD,,,,2014-03-12,,
Katiuscia Solpietro,Spiekeroog,Katiuscia Solpietro,,,,2014-02-18,,
Jennifer Roger,Spiekeroog,Jennifer Roger,,,,2014-07-30,,
Dr. Francesca Santevecchi,Spiekeroog,Dr. Francesca Santevecchi,,,,2014-03-01,,
Dr. Maria Rosaria Compagnone,Spiekeroog,Dr. Maria Rosaria Compagnone,,,,2014-08-20,,
Dr. Christoph Platen,Spiekeroog,Dr. Christoph Platen,,,,2014-05-05,,
Dr. Gabriele Vickermann-Ribémont,Spiekeroog,Dr. Gabriele Vickermann-Ribémont,,,,2014-03-24,,
Johannes Brambora,Spiekeroog,Johannes Brambora,,,,2014-07-15,,
Dr. Daniela Müller,Spiekeroog,Dr. Daniela Müller,,,,2013-09-05,,
Christiane Pflaum,Spiekeroog,Christiane Pflaum,,,,2011-10-31,,
Bàrbara Roviró,Spiekeroog,Bàrbara Roviró,,,,2014-06-21,,
Christin Kunzmann,Spiekeroog,Christin Kunzmann,,,,2010-08-02,,
Inmaculada Fernandez Menino,Spiekeroog,Inmaculada Fernandez Menino,,,,2014-07-01,,
Dr. Sandra Strigl,Spiekeroog,Dr. Sandra Strigl,,,,2013-11-24,,
Francesco Crifo,Spiekeroog,Francesco Crifo,,,,2014-04-08,,
Amalia Varela,Spiekeroog,Amalia Varela,,,,2014-03-10,,
Prof. Dr. Filippo Fonio,Spiekeroog,Prof. Dr. Filippo Fonio,,,,2014-05-13,,
Werner Altmann,Spiekeroog,Werner Altmann,,,,2014-05-18,,
Sebastian Schönbeck,Spiekeroog,Sebastian Schönbeck,,,,2010-08-30,,
Marie-Clémence Régnier,Spiekeroog,Marie-Clémence Régnier,,,,2014-05-07,,
Karin  Otte,Spiekeroog,Karin  Otte,,,,2014-06-24,,
Dr. Konstanze Baron,Spiekeroog,Dr. Konstanze Baron,,,,2014-05-13,,
Ruben Nicotera,Spiekeroog,Ruben Nicotera,,,,2010-04-16,,
Dr. Kristin Eichhorn,Spiekeroog,Dr. Kristin Eichhorn,,,,2014-05-30,,
Dr. Florian Schmid,Spiekeroog,Dr. Florian Schmid,,,,2014-07-18,,
Beatrice Virendi,Spiekeroog,Beatrice Virendi,,,,2014-06-18,,
Melanie Scheid,Spiekeroog,Melanie Scheid,,,,2014-02-26,,
Carolina Caballero,Spiekeroog,Carolina Caballero,,,,2014-03-04,,
Sonja Sparouz,Spiekeroog,Sonja Sparouz,,,,2014-02-18,,
Antonina Klokova,Spiekeroog,Antonina Klokova,,,,2011-01-03,,
Kristina  Beck,Spiekeroog,Kristina  Beck,,,,2014-05-13,,
Anaïs Boelicke,Spiekeroog,Anaïs Boelicke,,,,2014-03-03,,
Maria Zannini,Spiekeroog,Maria Zannini,,,,2014-07-02,,
Prof. Dr. William Diaz,Spiekeroog,Prof. Dr. William Diaz,,,,2014-01-05,,
Dr. Gruppuso Caterina,Spiekeroog,Dr. Gruppuso Caterina,,,,2014-09-10,,
José González,Spiekeroog,José González,,,,2014-03-07,,
Dr. Marlene Mussner,Spiekeroog,Dr. Marlene Mussner,,,,2013-01-02,,
Kathrin Decker,Spiekeroog,Kathrin Decker,,,,2010-03-27,,
Irene Domingo,Spiekeroog,Irene Domingo,,,,2014-05-06,,
Hebe Gargiulo,Spiekeroog,Hebe Gargiulo,,,,2013-11-28,,
Carmen Mata Castro,Spiekeroog,Carmen Mata Castro,,,,2014-06-03,,
Dr. Dirk Vetter,Spiekeroog,Dr. Dirk Vetter,,,,2012-06-09,,
Andrea Stock,Spiekeroog,Andrea Stock,,,,2012-01-04,,
Apl. Prof. Carlos Balle Blanes,Spiekeroog,Apl. Prof. Carlos Balle Blanes,,,,2014-03-01,,
Karen Forner,Spiekeroog,Karen Forner,,,,2014-06-16,,
Sabrina Braukmeier,Spiekeroog,Sabrina Braukmeier,,,,2011-10-12,,
Tanja  Krasny,Spiekeroog,Tanja  Krasny,,,,2014-04-24,,
Dr. Adriana López-Labourdette,Spiekeroog,Dr. Adriana López-Labourdette,,,,2014-06-12,,
Victor Ruiz,Spiekeroog,Victor Ruiz,,,,2014-03-12,,
Lukas Schaefer,Spiekeroog,Lukas Schaefer,,,,2014-09-10,,
Christoph Hülsmann,Spiekeroog,Christoph Hülsmann,,,,2014-03-14,,
Eva Wilhelm,Spiekeroog,Eva Wilhelm,,,,2011-03-30,,
Marco Albanese,Spiekeroog,Marco Albanese,,,,2014-03-03,,
Dr. Eugenia Ortiz Gambetta,Spiekeroog,Dr. Eugenia Ortiz Gambetta,,,,2014-02-10,,
Dr. Ricarda Matheus,Spiekeroog,Dr. Ricarda Matheus,,,,2014-08-05,,
Simona Brunetti,Spiekeroog,Simona Brunetti,,,,2014-07-07,,
Ana  Leiner,Spiekeroog,Ana  Leiner,,,,2011-10-30,,
Dr. Carmela Fischer Díaz,Spiekeroog,Dr. Carmela Fischer Díaz,,,,2014-03-18,,
Sarah Henter,Spiekeroog,Sarah Henter,,,,2011-03-09,,
Christiane  Quandt,Spiekeroog,Christiane  Quandt,,,,2013-10-30,,
Dr. Cristel Valzer,Spiekeroog,Dr. Cristel Valzer,,,,2014-06-11,,
Daniel Wendt,Spiekeroog,Daniel Wendt,,,,2010-03-02,,
Julia Putsche,Spiekeroog,Julia Putsche,,,,2011-10-06,,
Maude  Fagot,Spiekeroog,Maude  Fagot,,,,2014-06-03,,
Elena Holm,Spiekeroog,Elena Holm,,,,2010-10-31,,
Cornelia Steil,Spiekeroog,Cornelia Steil,,,,2014-03-27,,
Dr. Maria Suarez,Spiekeroog,Dr. Maria Suarez,,,,2014-03-01,,
Dr. Juan José Vélez,Spiekeroog,Dr. Juan José Vélez,,,,2012-12-06,,
Julius Goldmann,Spiekeroog,Julius Goldmann,,,,2013-10-30,,
Jose Antonio Romero Garnica,Spiekeroog,Jose Antonio Romero Garnica,,,,2014-03-04,,
Nina Hahne,Spiekeroog,Nina Hahne,,,,2014-06-03,,
Dr. Viviane  Azarian,Spiekeroog,Dr. Viviane  Azarian,,,,2014-06-23,,
Dr. Marijana Erstic,Spiekeroog,Dr. Marijana Erstic,,,,2014-02-24,,
Dr. Donatus  Düsterhaus,Spiekeroog,Dr. Donatus  Düsterhaus,,,,2011-01-06,,
Dr. Florian Gräfe,Spiekeroog,Dr. Florian Gräfe,,,,2011-07-20,,
Dr. Anna Albini,Spiekeroog,Dr. Anna Albini,,,,2014-03-26,,
Dr. Doris Pichler,Spiekeroog,Dr. Doris Pichler,,,,2011-07-15,,
Nina  Henseleit,Spiekeroog,Nina  Henseleit,,,,2010-11-30,,
Dr. Rolando Carrasco,Spiekeroog,Dr. Rolando Carrasco,,,,2014-04-01,,
Sarah Burnautzki,Spiekeroog,Sarah Burnautzki,,,,2014-03-07,,
Mara Persello,Spiekeroog,Mara Persello,,,,2014-02-28,,
Melani Estévez,Spiekeroog,Melani Estévez,,,,2014-07-25,,
Sonia Feijóo Rodríguez,Spiekeroog,Sonia Feijóo Rodríguez,,,,2012-02-09,,
Isabella Piatka,Spiekeroog,Isabella Piatka,,,,2010-09-09,,
Dr. Michael Zimmermann,Spiekeroog,Dr. Michael Zimmermann,,,,2014-08-29,,
Zeno Zelinsky,Spiekeroog,Zeno Zelinsky,,,,2014-05-07,,
Mariano Dharandas Mendez,Spiekeroog,Mariano Dharandas Mendez,,,,2012-04-24,,
Dr. Juliane Blank,Spiekeroog,Dr. Juliane Blank,,,,2014-05-23,,
Dr. Maroua El Naggare,Spiekeroog,Dr. Maroua El Naggare,,,,2014-09-11,,
Nicholas Catasso,Spiekeroog,Nicholas Catasso,,,,2014-07-22,,
PD Dr. Santa Ferretti,Spiekeroog,PD Dr. Santa Ferretti,,,,2014-08-20,,
Robert Schikowski,Spiekeroog,Robert Schikowski,,,,2014-05-06,,
Jakob Willis,Spiekeroog,Jakob Willis,,,,2014-04-02,,
Dr. Heike Muranyi,Spiekeroog,Dr. Heike Muranyi,,,,2013-08-13,,
Dr. Carlos Ginés Orta,Spiekeroog,Dr. Carlos Ginés Orta,,,,2014-02-28,,
Ingrid Mechtler,Spiekeroog,Ingrid Mechtler,,,,2014-03-17,,
Elisa Sorrenti,Spiekeroog,Elisa Sorrenti,,,,2014-08-14,,
Dr. Thomas Weidhaas,Spiekeroog,Dr. Thomas Weidhaas,,,,2014-08-22,,
Dr. Doris Eibl,Spiekeroog,Dr. Doris Eibl,,,,2014-07-17,,
Silvia Di Cioccio,Spiekeroog,Silvia Di Cioccio,,,,2014-06-02,,
Cord-Christian Casper,Spiekeroog,Cord-Christian Casper,,,,2014-03-18,,
Susan Chales de Beaulieu,Spiekeroog,Susan Chales de Beaulieu,,,,2010-01-12,,
Prof. Dr. Andrea Oberhuber,Spiekeroog,Prof. Dr. Andrea Oberhuber,,,,2014-06-13,,
Dr. Annette  Lühken,Spiekeroog,Dr. Annette  Lühken,,,,2010-12-20,,
Nico Balzarin,Spiekeroog,Nico Balzarin,,,,2011-08-06,,
Stefan Schreckenberg,Spiekeroog,Stefan Schreckenberg,,,,2014-05-21,,
Ana Maria Fröhling,Spiekeroog,Ana Maria Fröhling,,,,2012-10-14,,
Laura Nascimben,Spiekeroog,Laura Nascimben,,,,2012-07-30,,
Lydia Kaisee,Spiekeroog,Lydia Kaisee,,,,2012-10-21,,
Dr. Pia Claudia Doering,Spiekeroog,Dr. Pia Claudia Doering,,,,2014-04-16,,
Dr. Aouicha Mohr,Spiekeroog,Dr. Aouicha Mohr,,,,2010-02-14,,
Annette Mayer,Spiekeroog,Annette Mayer,,,,2012-05-18,,
Dr. Klaus Hockenjos,Spiekeroog,Dr. Klaus Hockenjos,,,,2010-05-20,,
Marie Schröer,Spiekeroog,Marie Schröer,,,,2014-09-01,,
Nathalie Crombée,Spiekeroog,Nathalie Crombée,,,,2014-05-08,,
Roman Thieltges,Spiekeroog,Roman Thieltges,,,,2014-04-09,,
Diego Stefanelli,Spiekeroog,Diego Stefanelli,,,,2014-06-12,,
Eva-Maria Hochhauser,Spiekeroog,Eva-Maria Hochhauser,,,,2014-04-28,,
Isabel Prats,Spiekeroog,Isabel Prats,,,,2014-03-13,,
Birgit Ueffing,Spiekeroog,Birgit Ueffing,,,,2010-08-22,,
Dr. Karin Hilpold,Spiekeroog,Dr. Karin Hilpold,,,,2010-01-25,,
Silvia Tonini,Spiekeroog,Silvia Tonini,,,,2014-07-14,,
Dr. Isabelle Baugé,Spiekeroog,Dr. Isabelle Baugé,,,,2014-03-01,,
Jannie Wullms,Spiekeroog,Jannie Wullms,,,,2014-05-29,,
Claudia Schweitzer,Spiekeroog,Claudia Schweitzer,,,,2013-11-08,,
Prof. Dr. Stephan Rixen,Spiekeroog,Prof. Dr. Stephan Rixen,,,,2014-03-19,,
Dr. Marcello Giugliano,Spiekeroog,Dr. Marcello Giugliano,,,,2012-11-15,,
Paola Digregorio,Spiekeroog,Paola Digregorio,,,,2014-03-04,,
Prof. Dr. Henry Thorau,Spiekeroog,Prof. Dr. Henry Thorau,,,,2014-04-08,,
Dr. Arndt Lainck,Spiekeroog,Dr. Arndt Lainck,,,,2014-01-21,,
Sandra Fluhrer,Spiekeroog,Sandra Fluhrer,,,,2014-05-23,,
Heinz Knape,Spiekeroog,Heinz Knape,,,,2013-02-18,,
Dr. Christine Felbeck,Spiekeroog,Dr. Christine Felbeck,,,,2013-11-13,,
Mariela Ferrari,Spiekeroog,Mariela Ferrari,,,,2009-12-02,,
Dirk Brunke,Spiekeroog,Dirk Brunke,,,,2014-05-21,,
Gilbert Shang Ndi,Spiekeroog,Gilbert Shang Ndi,,,,2014-03-28,,
Dr. Miguel Gutiérrez Maté,Spiekeroog,Dr. Miguel Gutiérrez Maté,,,,2014-09-10,,
Frank  Weßel,Spiekeroog,Frank  Weßel,,,,2010-04-09,,
Walker Adriana,Spiekeroog,Walker Adriana,,,,2014-09-12,,
Alexandra Rieder,Spiekeroog,Alexandra Rieder,,,,2012-06-21,,
Christine Ostmann,Spiekeroog,Christine Ostmann,,,,2012-01-23,,
Ouifaq Benkiran,Spiekeroog,Ouifaq Benkiran,,,,2011-06-17,,
Katerina  Nesterenko,Spiekeroog,Katerina  Nesterenko,,,,2011-11-26,,
Kirsten  Mahlke,Spiekeroog,Kirsten  Mahlke,,,,2014-08-04,,
Britta Heinrauch,Spiekeroog,Britta Heinrauch,,,,2010-05-27,,
Johanna Eierstock,Spiekeroog,Johanna Eierstock,,,,2013-03-11,,
Janine  Wiesemann,Spiekeroog,Janine  Wiesemann,,,,2014-03-05,,
Vicente Bernaschina,Spiekeroog,Vicente Bernaschina,,,,2014-06-17,,
Dr. Santiago Cevallos,Spiekeroog,Dr. Santiago Cevallos,,,,2013-01-11,,
Romana Kaske,Spiekeroog,Romana Kaske,,,,2014-07-01,,
Prof. Dr. Eva Gugenberger,Spiekeroog,Prof. Dr. Eva Gugenberger,,,,2014-07-28,,
Jessica Barzen,Spiekeroog,Jessica Barzen,,,,2014-07-04,,
Christina Liebl,Spiekeroog,Christina Liebl,,,,2010-10-03,,
Cristina Murrone,Spiekeroog,Cristina Murrone,,,,2013-12-09,,
Dr. Michaela Banzhaf,Spiekeroog,Dr. Michaela Banzhaf,,,,2012-09-15,,
Dr. Biagio Costante,Spiekeroog,Dr. Biagio Costante,,,,2010-07-29,,
Elisabeth Heyne,Spiekeroog,Elisabeth Heyne,,,,2014-06-26,,
Prof. Dr. Silke  Jansen,Spiekeroog,Prof. Dr. Silke  Jansen,,,,2014-07-18,,
Gerrit Berenike Heiter,Spiekeroog,Gerrit Berenike Heiter,,,,2011-01-16,,
Saskia Vallinas Sánchez,Spiekeroog,Saskia Vallinas Sánchez,,,,2014-06-11,,
Dr. Francesca Mattei,Spiekeroog,Dr. Francesca Mattei,,,,2010-12-08,,
Magdeleine CLO,Spiekeroog,Magdeleine CLO,,,,2014-03-24,,
PD Dr. Cordula Neis,Spiekeroog,PD Dr. Cordula Neis,,,,2014-06-05,,
Dr. Maryline Cestier,Spiekeroog,Dr. Maryline Cestier,,,,2014-04-28,,
Francesca  Funaro,Spiekeroog,Francesca  Funaro,,,,2014-07-07,,
Dr. Urs Urban,Spiekeroog,Dr. Urs Urban,,,,2014-07-26,,
Dr. Josephine Mulumba,Spiekeroog,Dr. Josephine Mulumba,,,,2013-10-26,,
Verena Rosa Sylvia Fritschle,Spiekeroog,Verena Rosa Sylvia Fritschle,,,,2012-11-13,,
Jesús Fernández Álvarez,Spiekeroog,Jesús Fernández Álvarez,,,,2014-06-17,,
Dr. Cecilia Mussini,Spiekeroog,Dr. Cecilia Mussini,,,,2014-06-04,,
Prof. Dr. Eva-Maria Remberger,Spiekeroog,Prof. Dr. Eva-Maria Remberger,,,,2014-08-01,,
Dr. Janka  Wunderlich,Spiekeroog,Dr. Janka  Wunderlich,,,,2014-07-24,,
Dr. Beatrice Bernardini,Spiekeroog,Dr. Beatrice Bernardini,,,,2013-10-23,,
Helena Wolff,Spiekeroog,Helena Wolff,,,,2010-12-16,,
Theresa Schwarz,Spiekeroog,Theresa Schwarz,,,,2010-12-16,,
Dr. Daniela Müller,Spiekeroog,Dr. Daniela Müller,,,,2014-08-14,,
Apl. Prof. Magda Hurtado,Spiekeroog,Apl. Prof. Magda Hurtado,,,,2010-10-12,,
Stephanie Friedrich,Spiekeroog,Stephanie Friedrich,,,,2012-02-06,,
Prof. Dr. Peter Koch,Spiekeroog,Prof. Dr. Peter Koch,,,,2014-04-17,,
Ingrid Scholz,Spiekeroog,Ingrid Scholz,,,,2010-03-11,,
Dr. Myriam Benarroch,Spiekeroog,Dr. Myriam Benarroch,,,,2014-02-01,,
Prof. Dr. Ludwig Fesenmeier,Spiekeroog,Prof. Dr. Ludwig Fesenmeier,,,,2014-04-10,,
Dr. Barbara Schmitz,Spiekeroog,Dr. Barbara Schmitz,,,,2014-04-08,,
Sylvia Jutz,Spiekeroog,Sylvia Jutz,,,,2014-03-10,,
Dr. Mercedes  Fornés,Spiekeroog,Dr. Mercedes  Fornés,,,,2013-06-12,,
Prof. Dr. Rita Franceschini,Spiekeroog,Prof. Dr. Rita Franceschini,,,,2014-04-30,,
Gabriele Sibinger,Spiekeroog,Gabriele Sibinger,,,,2010-10-21,,
Susanne Lowien,Spiekeroog,Susanne Lowien,,,,2010-06-10,,
Helen Fernandes,Spiekeroog,Helen Fernandes,,,,2014-08-03,,
Patrick Heinzer,Spiekeroog,Patrick Heinzer,,,,2011-11-28,,
Irene Vera,Spiekeroog,Irene Vera,,,,2013-06-07,,
Laura Tomassetti,Spiekeroog,Laura Tomassetti,,,,2014-05-28,,
Dr. Niels Taubert,Spiekeroog,Dr. Niels Taubert,,,,2014-03-17,,
Ronny Beckert,Spiekeroog,Ronny Beckert,,,,2014-05-24,,
Diana  Di Maria,Spiekeroog,Diana  Di Maria,,,,2013-10-24,,
Patricia Winkler,Spiekeroog,Patricia Winkler,,,,2013-11-07,,
Irene Stephanus,Spiekeroog,Irene Stephanus,,,,2014-03-02,,
Tatiana Fórez-Pérez,Spiekeroog,Tatiana Fórez-Pérez,,,,2011-10-09,,
Mónica  Martín Álvarez ,Spiekeroog,Mónica  Martín Álvarez ,,,,2013-12-05,,
Dr. Vera Schanz,Spiekeroog,Dr. Vera Schanz,,,,2013-05-05,,
Dr. Susannah  Ellis,Spiekeroog,Dr. Susannah  Ellis,,,,2014-05-11,,
Yvonne Heckmann,Spiekeroog,Yvonne Heckmann,,,,2014-03-21,,
Hiltrud Lautenbach,Spiekeroog,Hiltrud Lautenbach,,,,2010-01-27,,
Janette  Kranz,Spiekeroog,Janette  Kranz,,,,2014-05-14,,
Mercè Balaguer Jardí,Spiekeroog,Mercè Balaguer Jardí,,,,2014-06-19,,
Prof. Dr. Jean-Marc Terrasse,Spiekeroog,Prof. Dr. Jean-Marc Terrasse,,,,2014-07-10,,
Paz Huete Iglesias,Spiekeroog,Paz Huete Iglesias,,,,2014-04-15,,
Dr. Katrin Dennerlein,Spiekeroog,Dr. Katrin Dennerlein,,,,2014-07-18,,
Anke Schmidt,Spiekeroog,Anke Schmidt,,,,2014-05-12,,
Leticia Juliá,Spiekeroog,Leticia Juliá,,,,2012-01-13,,
Paqui Poquet,Spiekeroog,Paqui Poquet,,,,2014-03-04,,
Martin Lange,Spiekeroog,Martin Lange,,,,2014-07-03,,
Dr. Regine Brossmann,Spiekeroog,Dr. Regine Brossmann,,,,2014-08-27,,
Sarah Dietrich,Spiekeroog,Sarah Dietrich,,,,2014-07-31,,
PD Dr. Adrian La Salvia,Spiekeroog,PD Dr. Adrian La Salvia,,,,2014-07-04,,
Eric Engel,Spiekeroog,Eric Engel,,,,2014-08-28,,
Prof. Dr. Irene Weber Henking,Spiekeroog,Prof. Dr. Irene Weber Henking,,,,2014-06-24,,
Louis Malz,Spiekeroog,Louis Malz,,,,2010-03-10,,
Dr. Gregor Schuhen,Spiekeroog,Dr. Gregor Schuhen,,,,2014-05-24,,
Heike Jauch,Spiekeroog,Heike Jauch,,,,2014-03-01,,
Prof. Dr. Carmela Di Giovanni,Spiekeroog,Prof. Dr. Carmela Di Giovanni,,,,2014-06-06,,
Patricia Duquenet-Krämer,Spiekeroog,Patricia Duquenet-Krämer,,,,2014-08-13,,
Anne-Kathrin Willeke,Spiekeroog,Anne-Kathrin Willeke,,,,2014-08-02,,
Dr. Joaquin Ruano,Spiekeroog,Dr. Joaquin Ruano,,,,2013-05-15,,
Camila de Lira Santos,Spiekeroog,Camila de Lira Santos,,,,2013-07-15,,
Daniela Gigante,Spiekeroog,Daniela Gigante,,,,2010-03-02,,
Vania Cescon,Spiekeroog,Vania Cescon,,,,2013-05-15,,
Filippo Boldrini,Spiekeroog,Filippo Boldrini,,,,2014-03-08,,
Dr. Barbieri Beatrice,Spiekeroog,Dr. Barbieri Beatrice,,,,2014-06-18,,
Barbara Stübner,Spiekeroog,Barbara Stübner,,,,2012-09-12,,
SANA DIEDHIOU,Spiekeroog,SANA DIEDHIOU,,,,2014-03-03,,
Dr. Aura Heydenreich,Spiekeroog,Dr. Aura Heydenreich,,,,2014-05-10,,
María Pilar Himmelsbach (geb. Aspe Zamora),Spiekeroog,María Pilar Himmelsbach (geb. Aspe Zamora),,,,2014-03-06,,
Prof. Dr. Eva Martha Eckkrammer,Spiekeroog,Prof. Dr. Eva Martha Eckkrammer,,,,2014-06-25,,
Sabine Rosenkranz,Spiekeroog,Sabine Rosenkranz,,,,2011-03-11,,
Sara Benítez Alonso,Spiekeroog,Sara Benítez Alonso,,,,2014-02-20,,
Anja Rothenburg,Spiekeroog,Anja Rothenburg,,,,2012-10-18,,
"Renate  Pohl-Mayerhöfer, Dipl.Soz.",Spiekeroog,"Renate  Pohl-Mayerhöfer, Dipl.Soz.",,,,2012-02-06,,
Dr. Ofelia Huamanchumo de la Cuba,Spiekeroog,Dr. Ofelia Huamanchumo de la Cuba,,,,2013-09-12,,
 Bastienne Schulz,Nancy, Bastienne Schulz,,,,2014-05-19,,
Prof. Dr. Kurt Spang,Navarra,Prof. Dr. Kurt Spang,,,,2010-03-13,,
Dr. Evelyn Dueck,Neuchâtel,Dr. Evelyn Dueck,,,,2014-02-06,,
Kristina  Mendicino,New Haven,Kristina  Mendicino,,,,2011-02-27,,
Dr. Diego Bertelli ,New Haven,Dr. Diego Bertelli ,,,,2011-06-08,,
Marie Skrovec,Orléans,Marie Skrovec,,,,2012-12-03,,
Prof. Dr. Wolfgang Klein,Osnabrück,Prof. Dr. Wolfgang Klein,,,,2012-03-19,,
Massimo Pizzingrilli,Osnabrück,Massimo Pizzingrilli,,,,2011-04-05,,
Dr. Annette Clamor,Osnabrück,Dr. Annette Clamor,,,,2013-02-06,,
Prof. Dr. Peter Schneck,Osnabrück,Prof. Dr. Peter Schneck,,,,2010-01-22,,
Dr. Laura Morgenthaler,Osnabrück,Dr. Laura Morgenthaler,,,,2013-12-11,,
Prof. Dr. Christoph Bürgel,Osnabrück,Prof. Dr. Christoph Bürgel,,,,2013-08-17,,
Prof. Dr. Wolfgang Asholt,Osnabrück,Prof. Dr. Wolfgang Asholt,,,,2010-01-04,,
Angelika Groß,Osnabrück,Angelika Groß,,,,2012-08-21,,
Franziska Maria Hack,Oxford,Franziska Maria Hack,,,,2009-12-02,,
Sandra Lang,Paderborn,Sandra Lang,,,,2012-11-27,,
Carolin Stellbrink,Paderborn,Carolin Stellbrink,,,,2009-12-11,,
Tanja Bollow,Paderborn,Tanja Bollow,,,,2014-02-11,,
Fabienne Detoc,Paderborn,Fabienne Detoc,,,,2014-07-09,,
Prof. Dr. Jörn  Steigerwald,Paderborn,Prof. Dr. Jörn  Steigerwald,,,,2010-11-22,,
Dr. Hendrik Schlieper,Paderborn,Dr. Hendrik Schlieper,,,,2011-03-04,,
Dr. Giovanni Ferroni,Padova,Dr. Giovanni Ferroni,,,,2013-04-11,,
Ulrike  Pfeifer,Palma de Mallorca,Ulrike  Pfeifer,,,,2010-03-08,,
 José Juan Pacheco Ramos ,Palma de Mallorca, José Juan Pacheco Ramos ,,,,2013-06-29,,
Dr. Anna-Sophia Buck,Paris,Dr. Anna-Sophia Buck,,,,2014-06-23,,
Boris Roman Gibhardt,Paris,Boris Roman Gibhardt,,,,2011-02-16,,
Dr. Susannah  Ellis,Paris,Dr. Susannah  Ellis,,,,2014-05-19,,
Dr. Ralph Winter,Paris,Dr. Ralph Winter,,,,2012-05-29,,
Dr. Julie Sentis,Paris,Dr. Julie Sentis,,,,2013-12-11,,
Guido Furci,Paris,Guido Furci,,,,2014-02-16,,
Dr. Elina Absalyamova,Paris,Dr. Elina Absalyamova,,,,2011-07-23,,
Apl. Prof. Jalouneix Catherine,Paris,Apl. Prof. Jalouneix Catherine,,,,2012-12-13,,
Dr. Pietsie Feenstra,Paris,Dr. Pietsie Feenstra,,,,2011-10-02,,
Dr. Marion Kühn,Passau,Dr. Marion Kühn,,,,2011-11-15,,
Dr. Birgit  Aka,Passau,Dr. Birgit  Aka,,,,2009-12-03,,
Alexander Gropper,Passau,Alexander Gropper,,,,2010-01-11,,
Dr. Magdalena Mancas,Passau,Dr. Magdalena Mancas,,,,2010-11-05,,
Prof. Dr. Ursula  Reutner,Passau,Prof. Dr. Ursula  Reutner,,,,2009-12-18,,
Dr. magali trovato,Paternò,Dr. magali trovato,,,,2014-03-27,,
Prof. Dr. Carolin Fischer,Pau,Prof. Dr. Carolin Fischer,,,,2012-01-09,,
Dr. Elgin Kirsten Eckert,Perugia,Dr. Elgin Kirsten Eckert,,,,2011-10-10,,
 Dr. Imre Gábor Majorossy ,Piliscsaba, Dr. Imre Gábor Majorossy ,,,,2009-12-03,,
PD Dr. Marianna Franchi,Pisa,PD Dr. Marianna Franchi,,,,2011-05-05,,
Judith Stein,Potsdam,Judith Stein,,,,2010-12-20,,
Prof. Dr. Gerda Haßler,Potsdam,Prof. Dr. Gerda Haßler,,,,2010-01-23,,
Prof. Dr. Eva Kimminich,Potsdam,Prof. Dr. Eva Kimminich,,,,2013-01-25,,
Dr. Markus Messling,Potsdam,Dr. Markus Messling,,,,2012-11-30,,
Prof. Dr. Ottmar Ette,Potsdam,Prof. Dr. Ottmar Ette,,,,2010-02-20,,
Tobias Kraft,Potsdam,Tobias Kraft,,,,2010-04-25,,
Dr. André Weber,Potsdam,Dr. André Weber,,,,2012-09-23,,
Philipp Krämer,Potsdam,Philipp Krämer,,,,2010-09-07,,
Dr. Anne Kraume ,Potsdam,Dr. Anne Kraume ,,,,2009-12-03,,
Julius Erdmann,Potsdam,Julius Erdmann,,,,2013-01-22,,
Prof. Dr. Brigitte  Sändig,Potsdam,Prof. Dr. Brigitte  Sändig,,,,2009-12-28,,
PD Dr. Lydia  Bauer,Potsdam,PD Dr. Lydia  Bauer,,,,2014-01-27,,
Dr. Philipp Krämer,Potsdam,Dr. Philipp Krämer,,,,2013-06-28,,
Antonio  Barquero,Potsdam,Antonio  Barquero,,,,2013-05-06,,
Dr. Sven Thorsten Kilian,Potsdam,Dr. Sven Thorsten Kilian,,,,2012-08-31,,
Prof. Dr. Thomas Stehl,Potsdam,Prof. Dr. Thomas Stehl,,,,2012-11-15,,
Leonie Meyer-Krentler,Potsdam,Leonie Meyer-Krentler,,,,2013-08-16,,
Katharina Einert,Potsdam,Katharina Einert,,,,2013-06-25,,
Amanda Minervini,Providence,Amanda Minervini,,,,2010-09-18,,
Dr. Ivana Lalli Pacelat,Pula,Dr. Ivana Lalli Pacelat,,,,2009-12-03,,
Daniel Dengler,Regensburg,Daniel Dengler,,,,2009-10-24,,
Dr. Edith  Szlezák,Regensburg,Dr. Edith  Szlezák,,,,2010-01-31,,
Dr. Alexander Kalkhoff,Regensburg,Dr. Alexander Kalkhoff,,,,2010-01-21,,
Dr. Rembert Eufe,Regensburg,Dr. Rembert Eufe,,,,2009-12-13,,
Dr. Dagmar Schmelzer,Regensburg,Dr. Dagmar Schmelzer,,,,2010-11-10,,
Prof. Dr. Jochen Mecke,Regensburg,Prof. Dr. Jochen Mecke,,,,2009-11-24,,
Prof. Dr. Ralf Junkerjürgen,Regensburg,Prof. Dr. Ralf Junkerjürgen,,,,2011-07-05,,
Prof. Dr. Isabella von Treskow,Regensburg,Prof. Dr. Isabella von Treskow,,,,2010-11-10,,
Vera Ferreira,Regensburg,Vera Ferreira,,,,2013-01-17,,
Dr. Hubert Poeppel,Regensburg,Dr. Hubert Poeppel,,,,2012-07-23,,
Hartmut Duppel,Regensburg,Hartmut Duppel,,,,2014-03-19,,
PD Dr. Annette  Endruschat,Regensburg,PD Dr. Annette  Endruschat,,,,2010-01-03,,
PD Dr. Hubert Pöppel,Regensburg,PD Dr. Hubert Pöppel,,,,2012-11-14,,
Laura Linzmeier,Regensburg,Laura Linzmeier,,,,2014-04-24,,
Kathrin Kraller,Regensburg,Kathrin Kraller,,,,2014-06-01,,
Dr. Simona Fabellini,Regensburg,Dr. Simona Fabellini,,,,2010-07-03,,
Julia Blandfort,Regensburg,Julia Blandfort,,,,2009-10-29,,
Evelyn Wiesinger,Regensburg,Evelyn Wiesinger,,,,2010-01-21,,
Aktuelles,Regensburg,Aktuelles,,,,2009-10-25,,
Prof. Dr. Ingrid Neumann-Holzschuh,Regensburg,Prof. Dr. Ingrid Neumann-Holzschuh,,,,2010-11-03,,
Jonas Hock,Regensburg,Jonas Hock,,,,2014-07-18,,
Dr. Marina Ortrud M. Hertrampf,Regensburg,Dr. Marina Ortrud M. Hertrampf,,,,2009-11-30,,
Melanie Kunkel,Rome,Melanie Kunkel,,,,2011-05-06,,
Dr. Stephanie Klauk,Rome,Dr. Stephanie Klauk,,,,2014-03-20,,
Prof. Dr. Martina Nied Curcio,Rome,Prof. Dr. Martina Nied Curcio,,,,2012-12-20,,
Dr. Elisa De Roberto,Rome,Dr. Elisa De Roberto,,,,2014-02-14,,
Christoph  Behrens,Rostock,Christoph  Behrens,,,,2011-12-08,,
Prof. Dr. Albrecht  Buschmann,Rostock,Prof. Dr. Albrecht  Buschmann,,,,2012-04-27,,
Prof. Dr. Juergen Schmidt-Radefeldt,Rostock,Prof. Dr. Juergen Schmidt-Radefeldt,,,,2009-12-18,,
Stefan Serafin,Rostock,Stefan Serafin,,,,2014-04-06,,
Prof. Dr. Juergen Schmidt-Radefeldt,Rostock,Prof. Dr. Juergen Schmidt-Radefeldt,,,,2010-01-31,,
Prof. Dr. Rafael Arnold,Rostock,Prof. Dr. Rafael Arnold,,,,2013-05-21,,
Fanny Romoth,Rostock,Fanny Romoth,,,,2014-08-05,,
Prof. Dr. Thomas Tinnefeld,Saarbrücken,Prof. Dr. Thomas Tinnefeld,,,,2010-01-07,,
Nicholas Williams,Saarbrücken,Nicholas Williams,,,,2011-07-29,,
Prof. Dr. Christiane  Solte-Gresser,Saarbrücken,Prof. Dr. Christiane  Solte-Gresser,,,,2011-01-14,,
Prof. Dr. Hans-Jürgen Lüsebrink,Saarbrücken,Prof. Dr. Hans-Jürgen Lüsebrink,,,,2011-07-10,,
Prof. Dr. Christoph Vatter,Saarbrücken,Prof. Dr. Christoph Vatter,,,,2012-10-18,,
Carla Amado,Saarbrücken,Carla Amado,,,,2011-11-18,,
Prof. Dr. Hans-Jürgen Lüsebrink,Saarbrücken,Prof. Dr. Hans-Jürgen Lüsebrink,,,,2012-07-26,,
Christian Schweizer,Saarbrücken,Christian Schweizer,,,,2013-03-14,,
Juan Pedro Rojas Pichardo,Saarbrücken,Juan Pedro Rojas Pichardo,,,,2009-12-03,,
Dr. Jeanne Ruffing,Saarbrücken,Dr. Jeanne Ruffing,,,,2013-12-11,,
Dr. Maria Hegner,Saarbrücken,Dr. Maria Hegner,,,,2013-11-15,,
Vesna  Stirnadel,Saarbrücken,Vesna  Stirnadel,,,,2014-05-16,,
Dr. Virginie Geisler,Saarbrücken,Dr. Virginie Geisler,,,,2014-07-10,,
Dr. Laura Sergo,Saarbrücken,Dr. Laura Sergo,,,,2013-08-12,,
Dr. Sabine Narr,Saarbrücken,Dr. Sabine Narr,,,,2010-12-05,,
Dr. Nely M. Iglesias Iglesias,Salamanca,Dr. Nely M. Iglesias Iglesias,,,,2010-11-22,,
Prof. Dr. Peter  Kuon,Salzburg,Prof. Dr. Peter  Kuon,,,,2012-05-04,,
Dr. Monika Neuhofer,Salzburg,Dr. Monika Neuhofer,,,,2011-09-18,,
Dr. Markus Ebenhoch,Salzburg,Dr. Markus Ebenhoch,,,,2013-09-16,,
Prof. Dr. Gudrun Bachleitner-Held,Salzburg,Prof. Dr. Gudrun Bachleitner-Held,,,,2014-07-31,,
Anne Wolfsgruber,Salzburg,Anne Wolfsgruber,,,,2014-07-16,,
Dr. Johanna  Wolf,Salzburg,Dr. Johanna  Wolf,,,,2013-12-19,,
Dr. Elena Sánchez López,Sant Vicent del Raspeig,Dr. Elena Sánchez López,,,,2014-01-29,,
Claudia Lönze,Siegen,Claudia Lönze,,,,2011-05-18,,
Prof. Dr. Walburga Hülk-Althoff,Siegen,Prof. Dr. Walburga Hülk-Althoff,,,,2010-11-17,,
Dr. Beatrice Schuchardt,Siegen,Dr. Beatrice Schuchardt,,,,2009-12-09,,
Prof. Dr. Christian  von Tschilschke,Siegen,Prof. Dr. Christian  von Tschilschke,,,,2011-05-26,,
Dr. Maribel Cedeño Rojas,Siegen,Dr. Maribel Cedeño Rojas,,,,2013-04-19,,
Manuela Franke,Siegen,Manuela Franke,,,,2009-12-21,,
Prof. Dr. Bärbel Pauline Kuhn,Siegen,Prof. Dr. Bärbel Pauline Kuhn,,,,2012-08-25,,
Simone Tillmann,Siegen,Simone Tillmann,,,,2012-07-22,,
Dr. Sandra Herling,Siegen,Dr. Sandra Herling,,,,2013-12-04,,
Catrin Kersten,Siegen,Catrin Kersten,,,,2012-01-13,,
Prof. Dr. Antonella Benucci,Siena,Prof. Dr. Antonella Benucci,,,,2012-03-28,,
Prof. Dr. Juan Méndez,Spain,Prof. Dr. Juan Méndez,,,,2014-07-10,,
Dr. Charlotte Krauss,Strasbourg,Dr. Charlotte Krauss,,,,2013-02-12,,
Birgit Ulmer,Stuttgart,Birgit Ulmer,,,,2010-06-29,,
Dr. Beatrice  Nickel,Stuttgart,Dr. Beatrice  Nickel,,,,2009-12-07,,
Dr. Peggy Katelhön,Torino,Dr. Peggy Katelhön,,,,2009-12-02,,
Silvia Verdiani,Torino,Silvia Verdiani,,,,2013-11-30,,
Prof. Dr. Bénédicte Vauthier,Tours,Prof. Dr. Bénédicte Vauthier,,,,2010-07-31,,
Prof. Dr. Andre Klump,Trier,Prof. Dr. Andre Klump,,,,2010-12-23,,
Prof. Dr. Claudia Hammerschmidt,Trier,Prof. Dr. Claudia Hammerschmidt,,,,2010-12-14,,
Prof. Dr. Henry Thorau,Trier,Prof. Dr. Henry Thorau,,,,2013-03-01,,
Aline Willems,Trier,Aline Willems,,,,2013-02-01,,
Dr. Gioia Valdemarca,Trieste,Dr. Gioia Valdemarca,,,,2009-12-02,,
PD Dr. Grazia Martino ,Trinitapoli,PD Dr. Grazia Martino ,,,,2011-11-17,,
Valeria Lucchesi,Tübingen,Valeria Lucchesi,,,,2011-11-02,,
PD Dr. Paul Gévaudan,Tübingen,PD Dr. Paul Gévaudan,,,,2010-01-22,,
Reinhard Berron,Tübingen,Reinhard Berron,,,,2012-12-14,,
Dr. Rada Bieberstein,Tübingen,Dr. Rada Bieberstein,,,,2010-11-15,,
Markus Ising,Tübingen,Markus Ising,,,,2009-12-23,,
Dr. Christophe Gérard,Tübingen,Dr. Christophe Gérard,,,,2009-12-19,,
PD Dr. Steffen Schneider,Tübingen,PD Dr. Steffen Schneider,,,,2011-11-16,,
Serena Bartali,Tübingen,Serena Bartali,,,,2009-12-18,,
Maria Manderfeld,Tübingen,Maria Manderfeld,,,,2011-10-05,,
Christoph Maria Sanders,Tübingen,Christoph Maria Sanders,,,,2013-05-27,,
Prof. Dr. Wulf-Dieter  Hetzel,Ulm,Prof. Dr. Wulf-Dieter  Hetzel,,,,2011-07-16,,
Marlyse Salvignol,Ulm,Marlyse Salvignol,,,,2010-01-12,,
Prof. Dr. Marcus Keller,Urbana-Champaign,Prof. Dr. Marcus Keller,,,,2011-06-23,,
Dr. Marco Faini,Urbino,Dr. Marco Faini,,,,2011-12-06,,
Dr. Fernando Nina,Utrecht,Dr. Fernando Nina,,,,2012-01-29,,
Dr. habil. Ferran Robles Sabater,Valencia,Dr. habil. Ferran Robles Sabater,,,,2014-04-25,,
Prof. Dr. Giuliana Giusti,Venice,Prof. Dr. Giuliana Giusti,,,,2011-01-18,,
Dr. Rolf Kemmler,Vila Real,Dr. Rolf Kemmler,,,,2010-02-03,,
 Kathayoun Vaziri,Wien, Kathayoun Vaziri,,,,2012-01-14,,
Prof. Dr. Jörg Türschmann,Wien,Prof. Dr. Jörg Türschmann,,,,2010-12-03,,
Lejla Halilovic,Wien,Lejla Halilovic,,,,2011-09-13,,
Dr. Esther Gimeno Ugalde,Wien,Dr. Esther Gimeno Ugalde,,,,2010-09-08,,
Prof. Dr. Michael  Metzeltin,Wien,Prof. Dr. Michael  Metzeltin,,,,2011-04-19,,
Dr. Renaud Lagabrielle,Wien,Dr. Renaud Lagabrielle,,,,2010-02-11,,
Dr. Max  Doppelbauer,Wien,Dr. Max  Doppelbauer,,,,2012-05-19,,
Prof. Dr. Birgit Wagner,Wien,Prof. Dr. Birgit Wagner,,,,2012-07-02,,
Dr. Sonja Kral,Wien,Dr. Sonja Kral,,,,2011-10-12,,
Prof. Dr. Georg  Kremnitz,Wien,Prof. Dr. Georg  Kremnitz,,,,2013-09-30,,
Prof. Dr. Gualtiero Boaglio,Wien,Prof. Dr. Gualtiero Boaglio,,,,2012-05-29,,
Dr. Jutta Fortin,Wien,Dr. Jutta Fortin,,,,2013-02-11,,
Dr. Marina Corrêa,Wien,Dr. Marina Corrêa,,,,2014-01-10,,
Dr. Ingo Lauggas,Wien,Dr. Ingo Lauggas,,,,2011-12-09,,
Mischa G. Hendel,Wien,Mischa G. Hendel,,,,2011-09-23,,
Dr. Matthias Hausmann,Wien,Dr. Matthias Hausmann,,,,2010-10-29,,
Prof. Dr. Elissa Pustka,Wien,Prof. Dr. Elissa Pustka,,,,2014-09-08,,
PD Dr. Margit Thir,Wien,PD Dr. Margit Thir,,,,2011-04-19,,
 Inna Kyselova ,Wien, Inna Kyselova ,,,,2014-01-26,,
Prof. Dr. Martin Stegu,Wien,Prof. Dr. Martin Stegu,,,,2013-07-03,,
Dr. Regina Göke,Wien,Dr. Regina Göke,,,,2011-09-20,,
Dr. Laia Arnaus Gil,Wuppertal,Dr. Laia Arnaus Gil,,,,2013-01-24,,
Dr. Marisa Patuto,Wuppertal,Dr. Marisa Patuto,,,,2013-01-29,,
Robert  Hesselbach,Würzburg,Robert  Hesselbach,,,,2010-12-13,,
Antonio Gallardo Gracia,Würzburg,Antonio Gallardo Gracia,,,,2012-12-17,,
Dr. Carmen Ramos,Würzburg,Dr. Carmen Ramos,,,,2010-08-04,,
Prof. Dr. Brigitte Burrichter,Würzburg,Prof. Dr. Brigitte Burrichter,,,,2012-05-15,,
Dr. habil. Barbara Ventarola,Würzburg,Dr. habil. Barbara Ventarola,,,,2010-05-17,,
Berit Callsen,Würzburg,Berit Callsen,,,,2011-03-18,,
Stefanie Rubenis,Würzburg,Stefanie Rubenis,,,,2009-12-03,,
Julien Bobineau,Würzburg,Julien Bobineau,,,,2014-03-10,,
Dr. Christof Schöch,Würzburg,Dr. Christof Schöch,,,,2009-11-01,,
Prof. Dr. Martha Kleinhans,Würzburg,Prof. Dr. Martha Kleinhans,,,,2013-09-18,,
Christoph Hornung,Würzburg,Christoph Hornung,,,,2013-03-25,,
Dr. Elisabeth Profos-Sulzer,Zürich,Dr. Elisabeth Profos-Sulzer,,,,2009-12-15,,
Luis Eduardo Pérez Peralta,Zürich,Luis Eduardo Pérez Peralta,,,,2013-05-13,,
Paul Sutermeister,Zürich,Paul Sutermeister,,,,2012-02-18,,
Prof. Dr. Rita Catrina Imboden,Zürich,Prof. Dr. Rita Catrina Imboden,,,,2013-02-14,,
Fabienne Douls Eicher,Zürich,Fabienne Douls Eicher,,,,2010-03-06,,
Dr. Albert von Brunn,Zürich,Dr. Albert von Brunn,,,,2012-05-31,,
Prof. Dr. Johannes Kabatek,Zürich,Prof. Dr. Johannes Kabatek,,,,2013-02-07,,
Reto Zöllner,Zürich,Reto Zöllner,,,,2014-03-03,,
Dr. Harald Völker,Zürich,Dr. Harald Völker,,,,2014-02-24,,
Julie Dekens,Zürich,Julie Dekens,,,,2011-04-07,,
Dr. Inka Wissner,Zürich,Dr. Inka Wissner,,,,2013-06-24,,
Prof. Dr. Nadine Rentel,Zwickau,Prof. Dr. Nadine Rentel,,,,2013-12-20,,
